morton_code,lat,lon,abs_per_traversal,abs_per_traversal_shrunk,abs_events,n_rides,abs_per_1k_points,stop_rate,flow_index,crowd_v_p50,crowd_v_p85,demand_p90,radius_p50,grade_mean,elev_mean,n_points
122010200101112210,47.82926,11.75886,3.4,0.68208,17,5,171.71717,0.2,0.4,4.44444,8.5,8.38366,61.04546,-2.08334,865.4938,99
122010200110002033,47.8284,11.78225,3.2,0.64208,16,5,93.02326,0.4,0.0,4.44444,6.76389,8.47876,51.38877,-0.03903,809.5604,172
122010200101112211,47.82955,11.76017,2.2,0.44208,11,5,86.61417,0.6,0.2,5.83333,8.05556,11.65646,37.32059,-3.17322,858.7919,127
122010200110002032,47.82834,11.78078,1.8,0.36208,9,5,101.1236,0.2,0.8,7.77778,9.44444,3.53427,141.79554,1.23058,819.9743,89
122010200101112311,47.82916,11.76568,1.4,0.28208,7,5,101.44928,0.0,0.6,9.72222,11.94444,3.90759,122.74974,-5.59205,814.68,69
122010200101112300,47.82964,11.76155,1.2,0.24208,6,5,54.54545,0.2,0.6,6.38889,8.33333,5.77082,94.01915,-2.73554,850.90094,110
122010200101112310,47.82947,11.76424,1.2,0.24208,6,5,62.5,0.0,0.8,6.80556,9.44444,11.63614,46.1393,-4.89266,826.6807,96
122010022123132320,47.41518,11.76154,0.8,0.16208,4,5,190.47619,0.0,0.8,24.0278,25.00523,12.37944,458.71974,-2.13109,915.7722,21
122010022123132233,47.41619,11.76025,0.8,0.16208,4,5,142.85714,0.0,1.0,23.38671,24.72222,24.98818,143.94041,-0.41253,941.8617,28
122010200101113200,47.82908,11.76705,0.8,0.16208,4,5,64.51613,0.0,0.8,9.72222,11.66667,3.66873,198.93194,-3.85514,809.68195,62
122010200003110020,47.90386,11.40455,0.77778,0.24317,7,9,83.33333,0.0,0.88889,13.33333,16.38889,19.63834,103.092,-1.55366,671.6375,84
122010022123310020,47.42048,11.75637,0.66667,0.15584,4,6,114.28571,0.0,1.0,21.47246,23.89755,2.96522,,2.38754,936.90985,35
122010200112033302,47.94102,11.81647,0.66667,0.15584,4,6,142.85714,0.16667,0.83333,27.22222,32.05556,3.053,,-1.34101,679.35754,28
122010022123310010,47.41748,11.7587,0.6,0.12208,3,5,130.43478,0.0,1.0,24.39217,24.54717,3.74226,,0.19784,919.0607,23
122010022123310003,47.41902,11.75712,0.6,0.12208,3,5,111.11111,0.0,0.8,23.61113,24.50025,12.01627,337.50935,1.61433,917.494,27
122010200101103013,47.82555,11.74917,0.6,0.12208,3,5,27.02703,0.0,1.0,9.16667,10.55556,6.71785,115.84922,4.42392,875.675,111
122010200101112301,47.82964,11.76294,0.6,0.12208,3,5,33.33333,0.0,0.8,6.94444,9.90278,8.7765,82.05941,-5.61766,839.03973,90
122010200101113210,47.8294,11.76982,0.6,0.12208,3,5,37.5,0.0,0.8,9.16667,10.59722,7.76119,111.29933,1.45512,808.68365,80
122010200101113123,47.82848,11.77389,0.6,0.12208,3,5,46.15385,0.0,0.8,10.55556,11.94444,4.29742,,-0.4632,817.5262,65
122010200101113132,47.82824,11.77532,0.6,0.12208,3,5,38.96104,0.0,0.8,8.33333,9.72222,6.04311,96.90322,1.39204,823.3912,77
122001311113101023,47.9055,11.21925,0.42857,0.11303,3,7,27.52294,0.0,0.57143,8.61111,10.55556,11.96159,67.75189,-2.63486,697.93665,109
122010022123310022,47.42179,11.7557,0.42857,0.11303,3,7,54.54545,0.0,1.0,18.33335,23.45835,2.99068,,-0.26322,968.9565,55
122010200011302303,47.87434,11.56515,0.4,0.08208,2,5,37.03704,0.0,0.8,10.55556,12.77778,3.81914,214.69218,0.63807,725.3193,54
122010200011011300,47.81866,11.55264,0.4,0.08208,2,5,29.85075,0.0,0.8,13.33333,19.22224,27.68858,70.15062,0.33289,667.05817,67
122010200011011212,47.82036,11.55004,0.4,0.08208,2,5,27.39726,0.0,0.6,13.33334,17.22224,8.95019,171.71758,2.89794,693.45795,73
122010022123310001,47.41815,11.75788,0.4,0.08208,2,5,181.81818,0.0,1.0,23.88891,25.12154,13.37147,274.60382,-0.6931,930.25055,11
122001133323330113,47.79225,11.06294,0.4,0.08208,2,5,57.14286,0.0,1.0,12.77778,14.16668,5.80629,209.59521,0.21107,602.42566,35
122010022233122120,47.76121,11.56368,0.4,0.08208,2,5,24.09639,0.0,0.4,8.88889,10.2711,4.27601,156.20741,-1.4979,692.6276,83
122010200013211031,47.94746,11.55136,0.36364,0.13071,4,11,32.78689,0.09091,0.45455,10.83333,16.66667,15.77032,90.45084,-0.44264,710.6124,122
122010022323331022,47.79531,11.7669,0.33333,0.10524,3,9,32.6087,0.0,1.0,15.15308,16.94445,8.11308,234.33371,0.073,773.96826,92
122001133333220111,47.79167,11.1727,0.33333,0.10524,3,9,9.86842,0.11111,0.88889,17.77779,24.19444,9.22979,33.42252,-0.36085,658.21515,304
122001311111323223,47.89934,11.21966,0.33333,0.07892,2,6,68.96552,0.0,0.83333,18.05557,23.00002,15.97678,252.88249,1.12402,660.7696,29
122001311111321223,47.88876,11.21872,0.33333,0.07892,2,6,35.71429,0.0,1.0,17.36112,22.5,22.12493,113.96316,1.58515,639.9413,56
122010200111012103,47.82548,11.89474,0.33333,0.07892,2,6,39.21569,0.0,1.0,14.72222,18.05556,24.23527,157.02197,-6.55821,712.0024,51
122010022223032121,47.76106,11.36758,0.33333,0.07892,2,6,25.0,0.16667,0.83333,13.88889,15.00001,1.88296,11.31075,-0.37597,610.85895,80
122010200010101020,47.81634,11.48111,0.28571,0.14761,6,21,33.51955,0.04762,0.61905,10.27778,14.16667,14.40515,66.23116,-0.40023,619.2381,179
122010200110231112,47.88058,11.81866,0.28571,0.076,2,7,83.33333,0.0,1.0,32.91667,35.83334,1.9167,,2.11005,601.8911,24
122010200111003311,47.83006,11.88668,0.28571,0.076,2,7,22.98851,0.0,0.0,16.11111,23.08333,20.4799,95.27121,-3.65565,669.52325,87
122010022332120133,47.75152,11.83171,0.28571,0.076,2,7,25.97403,0.14286,0.71429,11.66668,14.6494,3.11874,248.7803,0.26526,769.1707,77
122010200101111301,47.81859,11.77373,0.27273,0.09845,3,11,37.97468,0.09091,0.90909,22.7778,27.25002,11.84203,411.43141,-0.71657,742.4024,79
122001311113101302,47.90819,11.22294,0.27273,0.09845,3,11,9.80392,0.36364,0.45455,8.61111,15.83334,11.65374,167.27104,1.20962,747.83734,306
122010200110000202,47.81952,11.77796,0.25,0.09537,3,12,54.54545,0.0,0.91667,23.88889,27.77778,3.21535,,-0.3429,743.0927,55
122010022322310021,47.7722,11.66947,0.25,0.07328,2,8,19.41748,0.125,0.875,12.36112,13.33334,18.64351,96.49092,-0.85045,753.135,103
122001311102210212,47.95164,10.92347,0.25,0.07328,2,8,22.98851,0.375,0.375,10.97222,22.77778,14.24238,183.68059,1.45402,723.95526,87
122010022233323032,47.80576,11.5722,0.25,0.07328,2,8,31.25,0.25,0.5,12.77778,18.84722,19.78194,93.57572,0.26096,717.9541,64
122010200111020301,47.8408,11.87319,0.24324,0.15881,9,37,5.78406,0.05405,0.86486,17.50001,23.61111,24.71681,170.41165,-5.38325,673.60626,1556
122001311113101323,47.91068,11.22432,0.22222,0.07076,2,9,28.16901,0.0,1.0,23.05557,26.52778,4.0259,,-0.07944,750.93933,71
122010200110231320,47.88693,11.81658,0.22222,0.07076,2,9,35.71429,0.0,0.66667,15.97223,23.26389,13.48138,153.41536,-2.36451,623.39764,56
122010200013113002,47.91346,11.59071,0.22222,0.07076,2,9,16.12903,0.0,1.0,13.2448,16.66667,12.99249,108.70528,1.76063,762.91785,124
122010200003101131,47.9034,11.40317,0.22222,0.07076,2,9,38.46154,0.0,0.88889,17.22223,21.57017,6.8807,278.41803,-0.21332,675.2778,52
122001311113103130,47.91512,11.22555,0.21429,0.08976,3,14,31.91489,0.0,0.42857,12.08334,17.55556,6.76214,81.32806,-1.18255,762.21063,94
122010200010132123,47.85005,11.49953,0.2,0.1013,4,20,4.63499,0.5,0.15,6.94444,11.3889,10.8901,53.91506,0.51092,643.5901,863
122010200002201320,47.95331,11.26716,0.2,0.0684,2,10,24.09639,0.0,0.9,20.27779,22.20007,8.2331,347.20551,-0.60242,668.91003,83
122001133310020003,47.48532,11.0762,0.2,0.0684,2,10,18.69159,0.0,0.8,11.41258,14.64722,1.97172,,0.73149,708.3154,107
122010200013113232,47.92158,11.59388,0.2,0.0684,2,10,12.42236,0.2,0.3,11.11111,15.0,11.107,122.42041,-0.91369,730.18,161
122010200102320303,47.97418,11.6536,0.2,0.0684,2,10,18.18182,0.2,0.7,9.96276,11.91667,3.84314,150.78469,-0.02795,627.20667,110
122010200013301110,47.94507,11.57775,0.2,0.0684,2,10,6.80272,0.3,0.7,10.55556,15.83334,13.46284,56.69901,-1.07774,717.14856,294
122010200012320132,47.97093,11.47836,0.2,0.04208,1,5,21.2766,0.0,0.8,13.61111,17.71673,11.33368,179.92863,-2.85737,597.0371,47
122010022323132322,47.7677,11.76141,0.2,0.04208,1,5,17.24138,0.0,1.0,11.90043,15.125,14.82379,92.7859,1.42971,724.19885,58
122010200011101213,47.82012,11.57333,0.2,0.04208,1,5,20.83333,0.0,1.0,11.66668,14.43057,6.19013,,-0.65941,663.32697,48
122010200011201110,47.85754,11.5331,0.2,0.04208,1,5,71.42857,0.0,1.0,19.86111,23.68056,2.23215,,-1.09796,736.455,14
122010022022222112,47.4524,11.25905,0.2,0.04208,1,5,21.73913,0.0,1.0,11.25001,15.1389,9.23476,144.76836,-5.42677,990.9157,46
122010022022222121,47.45316,11.25809,0.2,0.04208,1,5,25.64103,0.0,0.6,6.66667,8.97223,31.31137,18.23628,3.71774,1000.272,39
122001311113101313,47.90792,11.22732,0.2,0.04208,1,5,22.72727,0.0,0.8,14.58334,16.66667,8.51424,189.675,-1.60924,743.0003,44
122010200101101223,47.8233,11.74608,0.2,0.04208,1,5,25.64103,0.0,0.8,7.77778,13.33333,7.26611,146.46045,-0.62735,859.9447,39
122010200101103001,47.82377,11.7467,0.2,0.04208,1,5,19.60784,0.0,1.0,10.83333,12.77778,4.75997,218.4299,3.7497,863.4962,51
122010200101113211,47.82907,11.7708,0.2,0.04208,1,5,27.77778,0.0,1.0,9.44444,10.27778,7.36418,102.36449,2.43734,811.376,36
122010200101113033,47.82889,11.7715,0.2,0.04208,1,5,31.25,0.0,1.0,10.27778,11.11111,3.04748,,-0.17993,811.53864,32
122010200101113122,47.82868,11.77254,0.2,0.04208,1,5,14.70588,0.0,0.6,10.41667,13.33333,4.39986,177.51126,-0.37811,813.7114,68
122010200103232212,47.98514,11.71532,0.2,0.04208,1,5,25.64103,0.0,1.0,12.77779,15.27779,7.86762,168.88997,0.27945,625.4824,39
122001311113000022,47.90524,11.16245,0.2,0.04208,1,5,14.49275,0.2,0.8,12.51919,16.30053,21.4165,66.91602,0.26362,553.21954,69
122010200000031011,47.83521,11.2879,0.2,0.04208,1,5,17.24138,0.0,1.0,15.00001,16.11112,10.9173,160.08702,0.16953,610.54663,58
122010200101100201,47.81854,11.7353,0.1875,0.08478,3,16,43.47826,0.0,1.0,10.55556,16.0,4.61813,198.20625,-0.00948,810.385,69
122010200111020222,47.84485,11.86612,0.18605,0.12781,8,43,14.49275,0.04651,0.86047,14.72222,19.16667,31.69163,89.17088,-1.84739,697.3949,552
122010200000011231,47.82128,11.28772,0.18182,0.06619,2,11,15.87302,0.0,0.90909,9.8844,14.16667,3.33737,189.55957,0.20071,612.89386,126
122010200011212221,47.87632,11.53763,0.18182,0.06619,2,11,19.23077,0.0,0.90909,17.08334,21.38891,15.57996,122.50955,1.7497,712.5465,104
122010200110000213,47.82049,11.78212,0.18182,0.06619,2,11,37.73585,0.0,0.90909,24.72222,27.77778,5.11958,,0.2513,742.582,53
122010200110000321,47.82126,11.78487,0.18182,0.06619,2,11,39.21569,0.0,0.90909,24.16667,28.05558,5.1464,,0.0142,739.07446,51
122010200110001223,47.82232,11.79038,0.18182,0.06619,2,11,39.21569,0.0,0.90909,24.72222,27.5,5.44588,180.96454,0.3537,731.94867,51
122010022233233333,47.81133,11.55712,0.18182,0.06619,2,11,26.66667,0.27273,0.54545,5.27778,15.55556,12.56875,14.60742,-4.84033,651.18335,75
122001133323301122,47.77389,11.04744,0.17647,0.08248,3,17,11.19403,0.0,0.23529,8.75001,13.33334,24.30587,16.50369,-0.50856,650.13727,268
122001133310231031,47.5303,11.11219,0.16667,0.10104,5,30,6.87758,0.3,0.56667,8.33334,12.22222,3.42481,133.56516,-0.30392,671.44586,727
122010200000223031,47.89276,11.26563,0.16667,0.06412,2,12,12.34568,0.08333,0.91667,16.11111,18.05556,9.97055,223.41968,0.16454,606.6261,162
122010200101111311,47.81924,11.77661,0.16667,0.06412,2,12,46.51163,0.0,0.91667,24.72222,28.11113,3.20089,,-0.19585,747.96326,43
122001311111303120,47.8709,11.22327,0.16667,0.06412,2,12,14.49275,0.0,0.91667,15.55557,19.16667,9.70034,175.95432,0.2244,649.3524,138
122010200101330213,47.8865,11.75991,0.16667,0.06412,2,12,50.0,0.0,0.83333,18.88889,29.65278,10.84822,252.57927,-2.60369,719.9727,40
122010200110000330,47.82164,11.78625,0.16667,0.06412,2,12,29.85075,0.0,0.91667,23.05557,26.66667,7.72253,132.98274,-0.34326,736.572,67
122010022223122003,47.75958,11.38388,0.16667,0.06412,2,12,17.85714,0.08333,0.91667,18.33335,19.86113,11.35164,244.84102,-0.15327,645.0611,112
122010200102100301,47.90604,11.65296,0.16667,0.06412,2,12,17.09402,0.08333,0.91667,26.66669,30.55556,8.71072,666.58929,0.35841,727.806,117
122010200110231103,47.87988,11.81851,0.16667,0.04046,1,6,142.85714,0.0,1.0,28.33336,31.72222,2.08424,,2.25765,602.67786,7
122010022322331011,47.79136,11.68378,0.16667,0.04046,1,6,19.60784,0.0,1.0,13.33333,15.83333,30.65728,65.73528,-1.89766,774.9042,51
122001311113232001,47.97793,11.18599,0.16667,0.04046,1,6,15.15152,0.0,0.66667,14.58334,20.29877,5.32963,490.23595,0.005,684.36646,66
122010200012320313,47.97386,11.48038,0.16667,0.04046,1,6,22.72727,0.0,1.0,22.33486,24.31945,9.49005,175.75689,-2.7036,609.6069,44
122010200110101223,47.82252,11.83425,0.16667,0.04046,1,6,21.73913,0.0,0.66667,14.44444,16.18056,1.92801,141.19113,0.09056,715.21094,46
122001311102300312,47.95158,10.95133,0.16667,0.04046,1,6,37.03704,0.0,1.0,23.61111,27.63891,16.26529,376.0433,-0.65882,723.87695,27
122001311102300303,47.95147,10.94991,0.16667,0.04046,1,6,37.03704,0.0,1.0,22.77778,25.0,2.61237,,1.24853,725.71893,27
122010022332121033,47.75199,11.83652,0.16667,0.04046,1,6,76.92308,0.0,1.0,13.51464,14.77778,3.88535,,-0.07408,780.4997,13
122001311111321020,47.88186,11.21733,0.15385,0.06218,2,13,20.40816,0.0,1.0,21.94446,23.84171,12.53347,273.36047,0.212,637.1144,98
122001311100332212,47.89718,10.96753,0.15385,0.06218,2,13,30.30303,0.0,1.0,21.38889,26.45833,19.52427,130.77681,-1.3251,699.42267,66
122001133310213020,47.51906,11.10811,0.15385,0.06218,2,13,11.97605,0.15385,0.84615,9.58334,18.36112,9.34547,292.8268,0.26846,682.2415,167
122010022220333212,47.72124,11.33049,0.15385,0.06218,2,13,17.69912,0.0,0.84615,21.94444,29.44444,7.83149,374.6655,-0.08755,632.504,113
122001133331221032,47.70698,11.17652,0.15385,0.06218,2,13,33.89831,0.0,1.0,18.05557,20.83334,12.30271,281.54706,0.81393,658.0662,59
122001133233322031,47.80517,10.85926,0.15385,0.06218,2,13,26.66667,0.0,1.0,16.38889,22.50002,14.52092,176.49489,0.28729,743.14777,75
122010022321310300,47.68748,11.76114,0.15385,0.06218,2,13,40.0,0.07692,0.92308,12.09429,14.06609,5.86821,,-0.72069,754.4208,50
122010200013301011,47.94541,11.5735,0.15385,0.06218,2,13,21.2766,0.0,0.61538,14.20998,20.45735,1.75238,,0.1656,699.1457,94
122010200011101111,47.81366,11.57832,0.14286,0.08442,4,28,18.69159,0.03571,0.92857,19.44444,26.66667,6.68774,488.56793,-2.6979,686.4679,214
122001133333011211,47.73098,11.20019,0.14286,0.08442,4,28,11.56069,0.14286,0.60714,10.00001,15.27779,20.52607,42.48087,-0.22562,666.14105,346
122001311101300313,47.8635,11.04051,0.14286,0.07444,3,21,15.54404,0.0,0.95238,15.27778,17.77778,26.35104,90.26432,-2.90966,699.7096,193
122010200001221021,47.88184,11.3505,0.14286,0.06035,2,14,12.34568,0.0,0.85714,12.77778,15.55557,3.40864,317.66095,1.50067,635.47485,162
122010200002111121,47.90344,11.33466,0.14286,0.03896,1,7,4.23729,0.28571,0.14286,7.1471,9.44444,14.51309,58.83242,-1.03491,640.8462,236
122010022233331330,47.80001,11.59982,0.14286,0.03896,1,7,47.61905,0.0,0.85714,23.88891,30.27778,19.98839,365.45319,-0.02522,729.37256,21
122010022233331331,47.7998,11.60091,0.14286,0.03896,1,7,25.64103,0.0,0.85714,23.05556,26.75,18.3106,260.67737,-0.07198,728.69104,39
122010022323123311,47.76352,11.75483,0.14286,0.03896,1,7,8.47458,0.0,0.42857,11.38889,15.83333,15.18158,113.95133,0.07224,745.3242,118
122010022221321311,47.70835,11.40275,0.14286,0.03896,1,7,14.49275,0.14286,0.28571,8.33333,11.375,14.80564,58.14391,-0.05977,633.0564,69
122001133313210002,47.59455,11.18498,0.14286,0.03896,1,7,14.70588,0.14286,0.85714,12.22223,15.55556,15.24415,46.25094,1.07093,671.5581,68
122010022220333322,47.724,11.33301,0.14286,0.03896,1,7,3.44828,0.14286,0.85714,11.25,14.98611,4.8016,269.63171,-0.47587,655.41266,290
122010200111012030,47.827,11.89104,0.14286,0.03896,1,7,18.51852,0.0,1.0,18.05556,23.06944,22.54959,157.1365,-3.29996,687.9854,54
122010200103313312,47.96327,11.77575,0.14286,0.03896,1,7,38.46154,0.14286,0.85714,18.88889,20.55556,4.57889,440.40187,0.10181,658.36633,26
122010200112101331,47.90948,11.84246,0.14286,0.03896,1,7,15.625,0.0,0.71429,11.94444,14.59722,4.66632,41.95572,-1.28097,588.8195,64
122001311012112212,47.9187,10.79202,0.14286,0.03896,1,7,10.75269,0.14286,0.71429,10.69445,14.16667,18.54981,80.71754,1.38369,741.45624,93
122010200012000211,47.90694,11.43036,0.13953,0.09606,6,43,7.00117,0.37209,0.39535,7.50001,11.92246,6.94627,79.37653,-0.02492,589.538,857
122010200011132330,47.8547,11.58842,0.13953,0.09606,6,43,10.16949,0.06977,0.62791,9.44445,12.77779,15.59734,59.25613,0.96795,722.0453,590
122010200103112211,47.91815,11.76026,0.13793,0.08269,4,29,5.14139,0.27586,0.68966,11.94444,16.11111,20.4849,87.21424,-2.69367,658.4622,778
122001133322203322,47.7897,10.91569,0.13333,0.05863,2,15,13.98601,0.0,1.0,15.27779,16.11112,2.15839,,-0.74376,732.2363,143
122010022202130113,47.57305,11.32622,0.13333,0.05863,2,15,22.22222,0.0,1.0,18.33333,21.11111,5.20542,308.37595,0.05328,817.5608,90
122010022321310313,47.68878,11.76528,0.13333,0.05863,2,15,13.15789,0.26667,0.66667,9.44445,12.22222,4.56915,180.48791,-1.04168,760.3833,152
122010200000032122,47.8503,11.27798,0.125,0.057,2,16,14.49275,0.0,1.0,19.27016,22.77778,19.76683,178.63869,1.37101,652.9204,138
122001133322113021,47.73942,10.97686,0.125,0.03757,1,8,17.54386,0.125,0.625,7.22223,10.20834,30.53057,20.7286,-8.39771,750.3066,57
122001311111321210,47.88446,11.22072,0.125,0.03757,1,8,8.62069,0.0,1.0,11.80556,14.09723,4.69753,107.75196,0.43783,627.9177,116
122010200012201223,47.95464,11.43842,0.125,0.03757,1,8,7.87402,0.125,0.875,15.00001,18.61111,4.75744,,-0.15631,700.467,127
122010200100222033,47.89392,11.60595,0.125,0.03757,1,8,7.19424,0.125,0.875,25.55556,30.66668,4.62851,,0.70336,752.70074,139
122010200101221033,47.8832,11.70524,0.125,0.03757,1,8,10.6383,0.0,0.875,13.61111,21.41667,3.12917,,0.75747,695.82465,94
122010200011011033,47.8175,11.55145,0.125,0.03757,1,8,12.04819,0.125,0.75,13.36116,18.33335,18.73801,89.153,3.20012,646.3777,83
122010022221321133,47.70754,11.40262,0.125,0.03757,1,8,8.62069,0.125,0.625,11.11111,13.61112,11.69445,75.70408,0.1534,648.35864,116
122001133133301121,47.4201,11.22461,0.125,0.03757,1,8,17.24138,0.0,1.0,13.8889,14.44446,2.25035,,0.85403,1029.2599,58
122001311011331013,47.88036,10.89194,0.125,0.03757,1,8,17.54386,0.0,0.875,20.00002,22.22222,6.26191,447.46388,-0.52257,746.68585,57
122010200101313231,47.87632,11.77122,0.125,0.03757,1,8,25.64103,0.125,0.875,19.72222,23.75,4.05161,,-0.11774,670.9695,39
122001311102301222,47.95466,10.95459,0.125,0.03757,1,8,19.60784,0.125,0.875,24.16667,32.76389,2.60301,,-0.22998,714.1741,51
122010200013211130,47.94792,11.55549,0.125,0.03757,1,8,16.39344,0.0,0.875,12.22222,17.5,3.96734,192.94266,2.08639,701.99133,61
122010200010101230,47.82157,11.48373,0.12121,0.07645,4,33,10.05025,0.12121,0.72727,13.15602,18.33333,18.70079,46.5005,0.33822,592.0758,398
122010200003101003,47.9026,11.39533,0.12,0.06782,3,25,7.57576,0.28,0.48,8.33333,15.27778,16.6242,53.59775,-2.33325,705.30273,396
122010200102110112,47.90247,11.67631,0.11765,0.05546,2,17,12.57862,0.0,1.0,15.83335,18.69445,1.98474,,-0.48502,700.8398,159
122010022233033131,47.76072,11.557,0.11765,0.05546,2,17,3.9604,0.47059,0.52941,6.5433,9.31945,13.2959,40.4525,-2.12995,665.2165,505
122001133320333112,47.71553,10.9842,0.11538,0.06635,3,26,16.85393,0.0,1.0,14.72223,17.62501,19.63645,67.91312,3.47197,808.9345,178
122010022200302222,47.5268,11.2945,0.11538,0.06635,3,26,13.33333,0.03846,0.96154,10.83334,13.33334,5.75999,126.09357,-0.30541,887.70593,225
122010200101011023,47.81752,11.72436,0.11111,0.06493,3,27,10.98901,0.03704,0.44444,11.38889,20.0,20.863,56.60273,-0.12272,782.8677,273
122010200111003123,47.82812,11.88359,0.11111,0.06493,3,27,14.63415,0.07407,0.66667,15.83335,23.52778,30.44466,100.88203,-1.036,659.0641,205
122010200003023001,47.93408,11.35104,0.11111,0.054,2,18,14.70588,0.0,1.0,21.38889,29.09722,9.6777,426.88354,0.29656,666.7582,136
122010200003022311,47.93974,11.34754,0.11111,0.054,2,18,15.74803,0.05556,0.94444,20.0,28.05556,8.07297,512.40547,1.2695,689.65735,127
122010200013103110,47.91204,11.578,0.11111,0.054,2,18,19.04762,0.05556,0.83333,20.41667,25.76389,6.92053,216.90066,-1.01258,732.0655,105
122001311101031123,47.8392,11.02665,0.11111,0.054,2,18,12.42236,0.0,0.94444,19.72222,23.05557,20.19591,208.93286,1.02865,787.9568,161
122010200002212031,47.95859,11.27677,0.11111,0.03627,1,9,29.41176,0.0,1.0,28.75001,31.05682,10.36876,586.64447,0.57122,673.61664,34
122001133313210200,47.59927,11.18461,0.11111,0.03627,1,9,25.64103,0.44444,0.44444,14.72222,18.88889,15.33651,95.67476,-0.52231,655.13403,39
122010022222120321,47.7556,11.30115,0.11111,0.03627,1,9,15.87302,0.0,0.88889,21.38889,25.65664,18.66693,199.67104,-0.46335,633.9516,63
122010022323331222,47.80083,11.76713,0.11111,0.03627,1,9,13.88889,0.0,1.0,18.8889,22.33333,11.43067,225.88618,2.43956,766.0696,72
122010022323331020,47.79408,11.7669,0.11111,0.03627,1,9,9.34579,0.11111,0.77778,15.83333,18.35064,7.84528,274.99838,-2.34313,772.0638,107
122010022223120020,47.74995,11.38248,0.11111,0.03627,1,9,5.98802,0.22222,0.55556,8.88889,12.77779,3.51114,107.7191,-0.54569,603.78156,167
122010200103011312,47.90792,11.73154,0.11111,0.03627,1,9,16.12903,0.0,1.0,21.38889,25.94338,14.12532,188.33334,-0.29297,661.4593,62
122010200011023200,47.85146,11.52533,0.11111,0.03627,1,9,14.92537,0.0,1.0,15.83333,18.05556,13.46249,162.5975,-0.53301,681.47455,67
122010022221321130,47.70622,11.40174,0.11111,0.03627,1,9,4.52489,0.22222,0.66667,10.83333,13.8889,11.97057,132.50594,-0.49302,627.47205,221
122010200110203311,47.87358,11.79888,0.11111,0.03627,1,9,13.51351,0.0,0.88889,22.36112,28.625,8.36379,55.74995,-0.33099,701.9904,74
122010022322310103,47.77078,11.67504,0.11111,0.03627,1,9,11.11111,0.11111,0.66667,12.5,14.72223,14.63033,136.99748,-0.24293,774.9658,90
122001311112202012,47.95721,11.07773,0.11111,0.03627,1,9,17.85714,0.0,0.77778,17.50001,32.22222,5.91968,56.2519,0.44272,639.10486,56
122010022233323022,47.80605,11.56925,0.11111,0.03627,1,9,7.57576,0.11111,0.33333,12.22223,18.15278,15.61022,67.3703,1.0614,719.7952,132
122010022233322303,47.80858,11.56529,0.11111,0.03627,1,9,26.31579,0.0,1.0,19.72224,29.58333,14.05533,381.45126,-3.33465,680.23145,38
122010200003110021,47.9036,11.40555,0.11111,0.03627,1,9,16.94915,0.0,0.66667,15.83333,21.66667,23.81773,105.46483,-4.50945,665.16296,59
122001311110122011,47.84658,11.12301,0.11111,0.03627,1,9,20.40816,0.0,0.88889,20.55556,25.22223,2.95865,,-0.20161,567.24866,49
122001133330332110,47.71398,11.14888,0.10526,0.05261,2,19,6.53595,0.15789,0.78947,9.44445,11.3889,24.79446,48.28418,-1.30975,650.948,306
122001311113103132,47.91559,11.22587,0.10526,0.05261,2,19,13.88889,0.10526,0.42105,15.41667,26.64022,15.43272,46.11514,-0.75362,765.5784,144
122010200101012113,47.82556,11.72201,0.10345,0.06228,3,29,14.28571,0.0,1.0,20.55556,26.11111,3.0709,513.31104,-0.35857,758.3628,210
122010022232000300,47.73048,11.43196,0.1,0.06753,4,40,14.44043,0.025,0.9,20.27779,22.22222,12.97363,381.78499,0.35133,594.09204,277
122010200103112302,47.91844,11.76184,0.1,0.06104,3,30,30.92784,0.0,0.93333,19.72224,23.08867,23.47175,194.9597,-1.76061,661.1098,97
122010022233323033,47.80622,11.57339,0.1,0.06104,3,30,11.23596,0.03333,0.73333,19.44444,23.44446,21.44019,198.24091,0.35349,709.74066,267
122001311101312010,47.86832,11.05572,0.1,0.0513,2,20,15.74803,0.0,1.0,23.88889,26.94445,4.77662,539.11407,0.18459,616.68823,127
122001133322202111,47.78077,10.90853,0.1,0.03506,1,10,8.54701,0.2,0.4,9.44445,14.16668,24.15472,60.12156,3.89595,743.4238,117
122001311111320133,47.88364,11.21631,0.1,0.03506,1,10,14.28571,0.0,0.9,16.94446,18.8889,21.24246,115.22855,-0.23284,636.1161,70
122001133310020133,47.48774,11.08452,0.1,0.03506,1,10,8.69565,0.1,0.8,10.66901,13.33334,5.69393,46.87188,-0.30413,703.9563,115
122010200013113032,47.91649,11.59338,0.1,0.03506,1,10,19.23077,0.1,0.9,14.16667,19.38889,11.74028,115.19208,-0.6711,750.6562,52
122010022332121220,47.75601,11.83326,0.1,0.03506,1,10,20.83333,0.0,0.9,16.25,18.61111,10.08689,190.29095,0.94971,781.1543,48
122001133333330010,47.79068,11.2309,0.1,0.03506,1,10,66.66667,0.0,1.0,22.22222,24.69444,6.0302,490.804,0.03493,662.4629,15
122010200011023211,47.85174,11.52943,0.1,0.03506,1,10,10.30928,0.0,0.9,13.88889,17.50001,36.23139,60.77986,-0.74952,702.8897,97
122010200011210320,47.86534,11.5422,0.1,0.03506,1,10,10.52632,0.0,0.5,12.50001,15.80556,21.84324,98.29334,-1.04884,742.9653,95
122001133331210301,47.68626,11.19125,0.1,0.03506,1,10,31.25,0.1,0.9,13.8889,16.11112,10.48103,133.48685,3.49692,682.2639,32
122010022323112232,47.74623,11.75884,0.1,0.03506,1,10,14.92537,0.2,0.7,16.01042,18.72223,5.13492,215.29359,1.94277,788.4707,67
122010200001221231,47.88755,11.3536,0.1,0.03506,1,10,13.15789,0.1,0.9,24.90996,28.05558,10.55024,492.83759,0.07651,667.641,76
122010200102320312,47.97364,11.65382,0.1,0.03506,1,10,4.13223,0.4,0.6,8.33754,12.5,2.23167,83.87391,0.38258,623.50006,242
122001311102032012,47.93568,10.92443,0.1,0.03506,1,10,30.30303,0.0,1.0,27.77778,30.11111,2.27716,,1.36503,742.16315,33
122001311102032013,47.935,10.92462,0.1,0.03506,1,10,38.46154,0.0,1.0,24.44445,28.19445,3.19788,,2.64997,743.7229,26
122001311111202123,47.87184,11.16997,0.09524,0.05005,2,21,17.69912,0.04762,0.90476,19.44446,22.15339,1.36738,,-0.28385,578.16345,113
122010200000102110,47.82468,11.30291,0.09524,0.05005,2,21,5.8309,0.04762,0.7619,7.77778,10.27778,15.02324,41.39954,1.18491,608.92084,343
122010200111003102,47.82511,11.88272,0.09524,0.05005,2,21,1.85529,0.2381,0.66667,12.77779,21.3889,5.73663,51.14942,-0.52294,675.639,1078
122001311101300310,47.86318,11.03903,0.09524,0.05005,2,21,12.57862,0.0,1.0,15.00001,17.5,25.58225,86.69008,-1.66192,712.64606,159
122001133323333131,47.80486,11.07351,0.09091,0.03393,1,11,8.77193,0.0,0.90909,11.80556,13.88889,7.83551,95.52333,-0.06936,613.82275,114
122001133323230301,47.79696,11.0158,0.09091,0.03393,1,11,9.61538,0.0,1.0,13.88889,16.11112,28.52832,72.2987,0.58272,863.124,104
122010022123301231,47.42587,11.74893,0.09091,0.03393,1,11,9.17431,0.0,0.81818,16.25001,20.51737,4.36656,349.69453,0.25811,988.0388,109
122010022323311320,47.77756,11.77259,0.09091,0.03393,1,11,12.82051,0.0,0.90909,20.55556,23.73611,15.80351,211.09203,-2.22719,731.75934,78
122010200101232312,47.89709,11.72007,0.09091,0.03393,1,11,6.75676,0.27273,0.36364,11.01208,14.13889,10.70647,93.4027,1.85416,671.41376,148
122010022332121211,47.75255,11.83718,0.09091,0.03393,1,11,5.91716,0.18182,0.45455,11.68061,13.61112,11.76287,54.08535,0.76421,777.8046,169
122001133331203311,47.69806,11.18388,0.09091,0.03393,1,11,17.54386,0.0,1.0,18.61111,22.22224,3.74985,,0.45407,683.9357,57
122001133331212000,47.6923,11.18442,0.09091,0.03393,1,11,12.19512,0.0,1.0,13.8889,17.45835,8.08674,159.56628,-0.77998,664.97064,82
122010022323103323,47.74646,11.75153,0.09091,0.03393,1,11,8.13008,0.09091,0.81818,19.5139,24.07987,9.41309,430.13528,-0.60691,776.49915,123
122010200110000320,47.82092,11.78368,0.09091,0.03393,1,11,20.40816,0.0,0.90909,23.61111,28.05557,5.9956,,1.64715,739.10394,49
122010200110001220,47.82206,11.78853,0.09091,0.03393,1,11,55.55556,0.0,1.0,23.61113,27.47222,4.56477,,0.17969,734.5253,18
122010200110001222,47.82217,11.7892,0.09091,0.03393,1,11,26.31579,0.0,0.90909,21.11111,27.625,3.81396,,0.23375,732.22546,38
122010200110001232,47.82247,11.79172,0.09091,0.03393,1,11,21.73913,0.0,1.0,23.8889,27.56944,4.29328,,-0.00646,732.2656,46
122001311101033102,47.8475,11.02547,0.09091,0.03393,1,11,20.0,0.0,1.0,21.80556,25.73611,2.1386,693.01324,0.23965,777.7974,50
122010022333202032,47.78409,11.86863,0.09091,0.03393,1,11,20.83333,0.0,0.90909,21.30878,27.48611,8.3188,539.32758,0.03612,753.4737,48
122010200003130111,47.92301,11.41433,0.09091,0.03393,1,11,16.94915,0.0,0.90909,11.66667,20.55556,6.92262,155.29111,-2.65401,689.9233,59
122010200003131000,47.92308,11.41539,0.09091,0.03393,1,11,5.78035,0.0,0.81818,10.83333,13.61111,14.35648,79.52494,-2.8811,692.61426,173
122010022233233331,47.81062,11.55705,0.09091,0.03393,1,11,4.97512,0.09091,0.54545,11.94445,16.38889,20.57742,92.93743,-0.60001,654.3586,201
122010200013320112,47.96816,11.56715,0.09091,0.03393,1,11,26.31579,0.0,0.90909,26.94446,30.40278,14.02854,121.58078,-1.17806,673.098,38
122010022233132103,47.75964,11.58752,0.09091,0.03393,1,11,2.07469,0.36364,0.54545,5.99663,11.66668,3.94338,30.36189,0.21525,720.6527,482
122010200112111120,47.90328,11.86012,0.09091,0.03393,1,11,16.39344,0.09091,0.81818,16.38889,20.83334,2.29065,,-0.29086,579.0648,61
122010200013123323,47.94368,11.57617,0.08571,0.05549,3,35,5.386,0.05714,0.62857,10.0,12.50001,14.71321,67.26039,0.21367,708.7695,557
122010022323100320,47.73298,11.73909,0.08333,0.04663,2,24,27.39726,0.0,0.91667,16.38889,18.11111,11.65488,190.08366,-0.4295,753.3783,73
122010022323120033,47.7513,11.73848,0.08333,0.04663,2,24,2.49688,0.41667,0.41667,7.22223,13.05557,3.07722,49.66149,-2.27704,754.489,801
122010200000223013,47.89146,11.26538,0.08333,0.03287,1,12,7.5188,0.0,1.0,15.0,16.11112,9.47943,202.86214,-0.96666,608.0228,133
122010200101330212,47.88584,11.75882,0.08333,0.03287,1,12,18.51852,0.0,1.0,29.72222,34.16667,22.40518,326.34804,-0.88805,723.46405,54
122001133231302100,47.69238,10.86099,0.08333,0.03287,1,12,9.00901,0.0,0.83333,18.33335,23.61113,12.77343,251.46817,-3.58179,792.1673,111
122001133323231203,47.7976,11.02136,0.08333,0.03287,1,12,9.09091,0.0,1.0,14.16668,17.12501,22.09697,93.11605,1.66442,898.2121,110
122010200001330321,47.88718,11.41102,0.08333,0.03287,1,12,1.99203,0.08333,0.5,17.22222,26.01241,17.18401,249.36259,0.08042,589.42163,502
122010022323311321,47.77758,11.77374,0.08333,0.03287,1,12,12.5,0.16667,0.75,20.97222,25.83333,18.28591,219.31865,-1.50177,730.56384,80
122010200110030110,47.83522,11.80813,0.08333,0.03287,1,12,3.89105,0.08333,0.66667,8.05556,11.11111,24.5502,33.60522,-3.54864,663.02277,257
122010200110012300,47.82995,11.80603,0.08333,0.03287,1,12,14.49275,0.0,0.91667,18.05556,22.61333,18.57172,185.93855,-0.61275,695.0958,69
122001311113000123,47.90521,11.16979,0.08333,0.03287,1,12,9.00901,0.08333,0.83333,13.05556,15.1389,18.48999,94.99746,0.24886,577.23975,111
122010200001132200,47.8522,11.40402,0.08333,0.03287,1,12,40.0,0.08333,0.83333,22.09474,26.74352,2.13042,,-0.09431,614.08154,25
122010022223031333,47.75674,11.38156,0.08333,0.03287,1,12,7.0922,0.08333,0.83333,12.69597,15.27778,11.23646,178.41138,-0.00624,633.78937,141
122010022223120222,47.75738,11.38198,0.08333,0.03287,1,12,24.39024,0.08333,0.91667,13.61112,16.19444,5.9093,265.76932,0.81962,638.358,41
122010200110031121,47.83784,11.81773,0.08,0.0456,2,25,7.93651,0.04,0.8,15.83335,19.44444,2.74113,25.23302,-0.62319,689.992,252
122010022200231020,47.53026,11.28408,0.07937,0.06087,5,63,9.68992,0.0,0.93651,18.61113,23.83882,6.97005,480.50192,-0.53934,907.98206,516
122010022223111012,47.72692,11.41842,0.07692,0.05173,3,39,12.87554,0.0,1.0,21.38891,23.88889,6.87548,415.76874,-1.35071,592.9355,233
122010200101030330,47.84332,11.71988,0.07692,0.05173,3,39,6.81818,0.12821,0.82051,18.61111,28.61111,14.11117,55.70418,-0.29037,713.1889,440
122010022201223021,47.5414,11.35087,0.07692,0.04461,2,26,8.58369,0.03846,0.88462,13.33334,16.72223,16.58443,135.39536,-1.13787,830.36975,233
122001311112201120,47.94802,11.0914,0.07692,0.04461,2,26,9.56938,0.03846,0.96154,13.22961,14.72222,11.59958,127.93796,-0.47473,606.87244,209
122010022033320132,47.44324,11.56604,0.07692,0.03188,1,13,25.0,0.0,1.0,15.27778,16.70834,11.41404,150.84128,1.5933,1070.8887,40
122010200002022331,47.94236,11.26095,0.07692,0.03188,1,13,10.52632,0.07692,0.92308,21.38889,24.11113,10.51793,294.1037,0.31199,682.4311,95
122010200112133303,47.94071,11.8622,0.07692,0.03188,1,13,8.92857,0.0,0.46154,10.60736,15.55556,17.32713,93.01122,-2.03409,591.4902,112
122010200010311003,47.85788,11.50456,0.07692,0.03188,1,13,25.0,0.0,1.0,23.61111,27.34724,3.6194,,-0.07092,507.99063,40
122001133332301330,47.77737,11.13814,0.07692,0.03188,1,13,5.34759,0.15385,0.84615,14.30557,18.40279,12.31802,188.39322,-0.15661,601.64355,187
122001311113000132,47.90497,11.1709,0.07692,0.03188,1,13,7.8125,0.15385,0.76923,12.22222,13.88889,5.9879,154.62184,0.11221,576.77765,128
122010200003131011,47.9226,11.41965,0.07692,0.03188,1,13,4.92611,0.0,0.92308,11.94445,15.75,18.2078,105.96311,0.09516,625.59814,203
122010200001221023,47.88307,11.35119,0.07692,0.03188,1,13,9.34579,0.0,0.92308,18.05557,21.94445,4.98368,,-5.22797,636.7975,107
122001133133312101,47.4285,11.23556,0.07692,0.03188,1,13,6.49351,0.0,0.84615,11.66668,13.33334,17.69939,86.96301,1.37163,1026.5529,154
122010200000002203,47.83094,11.25207,0.07692,0.03188,1,13,13.51351,0.0,1.0,18.05557,21.89571,16.41138,169.05978,1.45175,646.2339,74
122010022321330011,47.70332,11.75997,0.07692,0.03188,1,13,6.21118,0.0,1.0,13.05555,16.11112,6.61279,171.96478,-2.24871,757.1942,161
122010022321330013,47.70463,11.75969,0.07692,0.03188,1,13,7.24638,0.15385,0.84615,12.5,15.48689,3.91122,,-1.86548,753.1066,138
122001311113102110,47.9121,11.21498,0.07692,0.03188,1,13,17.54386,0.0,1.0,27.5,31.53214,1.8293,,2.68506,740.869,57
122010200012002002,47.9133,11.42642,0.07692,0.03188,1,13,4.83092,0.30769,0.53846,8.96013,11.11111,3.02773,103.01023,-0.33923,588.5485,207
122010022302213033,47.60837,11.63966,0.07407,0.04366,2,27,7.06714,0.07407,0.92593,24.44444,28.81252,20.58594,256.79399,-0.34128,975.7722,283
122010022233321320,47.79946,11.57477,0.07407,0.04366,2,27,5.27704,0.0,0.81481,11.94444,14.72222,17.23814,122.69363,1.7144,734.89453,379
122010022302032130,47.58488,11.63234,0.07407,0.04366,2,27,8.92857,0.0,1.0,17.50001,24.08509,19.56378,141.85567,2.82694,864.32947,224
122010022203220132,47.61899,11.3473,0.07143,0.05331,4,56,9.43396,0.0,0.83929,8.8889,11.11112,34.51547,21.28044,-2.44114,846.9752,424
122010022220131013,47.6606,11.33181,0.07143,0.04922,3,42,10.71429,0.02381,0.95238,24.72222,31.86112,13.77441,439.64267,-0.11436,630.93567,280
122010200010222222,47.89966,11.42658,0.07143,0.04922,3,42,10.41667,0.02381,0.83333,16.66668,20.55556,5.49911,84.29687,-0.21316,595.43713,288
122010200000113111,47.8243,11.33694,0.07143,0.04275,2,28,7.06714,0.0,1.0,14.44444,16.11112,2.77545,99.46856,0.30672,602.22815,283
122010200101013020,47.82723,11.72248,0.07143,0.04275,2,28,12.98701,0.0,0.96429,16.11111,20.27778,3.0107,347.21918,1.23113,758.06976,154
122010022200331230,47.5359,11.3303,0.07143,0.04275,2,28,9.04977,0.03571,0.96429,15.00001,17.77778,19.82012,88.26573,0.09706,861.4737,221
122010022323311221,47.77778,11.76841,0.07143,0.03094,1,14,12.98701,0.0,0.92857,21.94444,25.0,7.61052,42.2736,4.29748,739.6623,77
122010200101110011,47.81318,11.76029,0.07143,0.03094,1,14,10.6383,0.0,0.71429,17.63889,26.4028,12.78264,61.07967,-1.22338,768.8046,94
122001133310023113,47.49576,11.09561,0.07143,0.03094,1,14,1.92678,0.42857,0.42857,4.72223,10.23827,9.16964,23.73224,-0.83054,703.43384,519
122010200101003131,47.82695,11.71032,0.07143,0.03094,1,14,6.80272,0.07143,0.64286,16.80557,20.34723,1.54702,38.38224,-0.92032,724.385,147
122010022223301233,47.77886,11.3977,0.07143,0.03094,1,14,11.62791,0.0,1.0,29.44444,33.95836,5.6271,,-0.33634,612.71814,86
122010022223303011,47.77973,11.39708,0.07143,0.03094,1,14,47.61905,0.0,1.0,26.11111,32.22225,4.08072,,-0.42725,612.79535,21
122010200000211320,47.86528,11.28955,0.07143,0.03094,1,14,6.25,0.07143,0.71429,14.44444,16.94446,13.27763,160.01099,0.25683,632.25964,160
122010200000211302,47.86396,11.28944,0.07143,0.03094,1,14,6.71141,0.07143,0.92857,15.00001,17.22224,6.26398,241.20932,-1.45099,637.82086,149
122010200013030211,47.92885,11.54032,0.07143,0.03094,1,14,15.87302,0.0,1.0,26.38891,32.44445,19.1348,309.59802,-0.55847,677.9287,63
122010200112111031,47.90366,11.85899,0.07143,0.03094,1,14,6.89655,0.07143,0.64286,12.77779,19.91667,16.46137,43.0694,-0.13867,573.9755,145
122010022202120103,47.57282,11.30124,0.06667,0.05065,4,60,8.04829,0.0,0.95,17.50001,23.88891,15.7114,245.10751,-0.01051,859.9738,497
122010022033320202,47.44628,11.5583,0.06667,0.03006,1,15,9.34579,0.0,1.0,17.22222,18.88889,6.38558,382.19427,0.16465,1051.6455,107
122010022033320203,47.44614,11.55967,0.06667,0.03006,1,15,9.43396,0.0,1.0,16.11112,18.05557,10.48164,260.86966,1.02715,1053.5771,106
122001311111321022,47.88322,11.21767,0.06667,0.03006,1,15,6.06061,0.06667,0.4,11.94445,17.50001,23.1859,102.89557,-1.66773,633.5743,165
122010200110202301,47.87352,11.78463,0.06667,0.03006,1,15,7.63359,0.0,0.73333,20.55556,26.25001,6.82892,120.28681,1.56909,685.4873,131
122010200110202231,47.87664,11.7825,0.06667,0.03006,1,15,15.15152,0.0,1.0,26.25,30.69445,5.54989,,0.08033,689.07025,66
122010200003101100,47.90145,11.39848,0.06667,0.03006,1,15,14.49275,0.0,0.93333,16.66668,19.44444,15.70164,159.658,-1.86738,691.668,69
122010200000032012,47.84704,11.27592,0.06667,0.03006,1,15,22.22222,0.0,1.0,18.15279,21.11112,18.21691,136.16591,0.29791,645.52216,45
122001133322223202,47.80937,10.91,0.06667,0.03006,1,15,2.63852,0.13333,0.86667,11.38889,18.05556,6.4426,249.2843,-1.08989,697.5726,379
122001133323301211,47.7742,11.04657,0.06667,0.03006,1,15,8.69565,0.0,0.2,6.66667,10.55556,34.53193,14.49593,4.51093,639.69183,115
122010200001200120,47.86008,11.34367,0.06667,0.03006,1,15,9.70874,0.0,0.86667,18.05557,21.3889,17.42841,170.34071,0.55059,627.08234,103
122001311100323002,47.89154,10.9541,0.06667,0.03006,1,15,7.75194,0.0,0.73333,14.72222,20.54026,25.37973,136.52222,2.7909,743.788,129
122010022231301010,47.6814,11.57245,0.06579,0.05262,5,76,8.23723,0.02632,0.86842,20.55557,23.33333,8.45612,64.14732,-0.94677,698.0067,607
122010200003010032,47.905,11.36333,0.06452,0.04023,2,31,8.92857,0.0,0.80645,15.97222,20.27778,12.05648,84.0232,2.10755,704.5477,224
122010022221323302,47.72162,11.39903,0.06452,0.04023,2,31,11.23596,0.0,0.96774,20.83335,22.7778,11.61386,348.54973,-0.15868,613.815,178
122010022221322233,47.72358,11.38662,0.06452,0.04023,2,31,13.60544,0.0,1.0,25.2778,28.33336,4.6302,,-0.35328,610.0671,147
122010022323213022,47.78431,11.72351,0.06452,0.04023,2,31,5.97015,0.06452,0.87097,18.05556,23.0488,5.49273,713.57452,-0.37313,782.3112,335
122010022203221200,47.62087,11.34922,0.06349,0.04882,4,63,4.63499,0.03175,0.88889,12.5,16.11111,22.99049,81.58227,1.48511,873.3191,863
122010200012000213,47.90777,11.43086,0.0625,0.04488,3,48,2.91545,0.35417,0.375,6.38889,10.27778,12.52146,44.55705,-1.29193,591.1313,1029
122010022232000311,47.73104,11.43608,0.0625,0.03946,2,32,13.98601,0.0,0.96875,23.88889,25.98278,5.65589,,-0.40775,625.89825,143
122001311102110300,47.9062,10.97098,0.0625,0.03946,2,32,5.68182,0.40625,0.40625,7.22222,12.77778,19.29996,40.60551,0.55006,719.9316,352
122010200001110203,47.82004,11.40582,0.0625,0.02922,1,16,8.62069,0.0,0.875,18.61987,22.98611,5.21594,318.81185,1.40487,630.6448,116
122010022332121113,47.74822,11.84217,0.0625,0.02922,1,16,5.52486,0.1875,0.5625,9.72222,15.55556,14.84082,61.46243,0.43475,784.5919,181
122010200010101221,47.82178,11.48286,0.0625,0.02922,1,16,10.10101,0.0,0.625,16.3889,20.91668,8.06527,313.11551,-0.54812,609.77783,99
122001311102030102,47.9244,10.92648,0.0625,0.02922,1,16,3.43643,0.25,0.5,9.16667,12.63889,11.15553,103.40084,-0.00452,743.11346,291
122010200000032010,47.84626,11.27564,0.0625,0.02922,1,16,6.49351,0.0625,0.75,18.33333,23.05556,19.8399,140.03343,-0.2519,648.0886,154
122001311100300201,47.86252,10.9442,0.0625,0.02922,1,16,7.29927,0.0,0.9375,19.48271,23.26606,21.89367,149.23831,-1.60589,738.15656,137
122001133323301300,47.77426,11.04728,0.0625,0.02922,1,16,5.91716,0.0,0.75,12.22223,14.72222,15.63622,116.90816,1.298,636.6009,169
122010022203220133,47.6193,11.34836,0.06154,0.04767,4,65,2.48756,0.04615,0.8,11.3889,15.00001,30.21897,57.32012,-0.45237,848.0106,1608
122010200010311001,47.8569,11.50525,0.06061,0.03872,2,33,8.33333,0.0303,0.9697,16.38889,21.94444,3.16279,,-1.03436,626.8772,240
122010200110122333,47.85631,11.83167,0.05882,0.04299,3,51,9.67742,0.01961,0.86275,17.22224,25.0,7.00858,361.34644,-1.42287,699.6818,310
122001133300223220,47.54663,10.91003,0.05882,0.04299,3,51,7.53769,0.01961,0.94118,16.66667,20.00001,18.79534,141.0621,3.30974,1050.6501,398
122010200001110201,47.8189,11.40559,0.05882,0.02843,1,17,1.81488,0.05882,0.94118,19.72222,25.55556,9.04702,185.35968,-0.03808,643.0655,551
122010200003010113,47.90251,11.37014,0.05882,0.02843,1,17,2.15054,0.17647,0.76471,12.61413,17.94444,12.48451,100.17596,-0.16487,704.07587,465
122010200111003103,47.82604,11.88316,0.05882,0.02843,1,17,27.77778,0.0,1.0,19.30556,24.86111,3.38507,,1.10854,665.6,36
122010022123302013,47.4304,11.73848,0.05882,0.02843,1,17,10.20408,0.11765,0.88235,16.3889,19.44444,9.31847,279.46291,-0.87351,960.9709,98
122010200101221332,47.88892,11.70909,0.05882,0.02843,1,17,8.06452,0.05882,0.58824,11.66667,16.66667,18.50821,97.27428,0.41772,689.4528,124
122001311112313000,47.95598,11.15143,0.05882,0.02843,1,17,6.66667,0.11765,0.88235,18.61111,21.375,2.90296,,0.39353,563.93494,150
122010200100201013,47.85814,11.61756,0.05882,0.02843,1,17,7.29927,0.0,0.64706,15.55556,19.44446,17.59257,126.43747,-1.54393,749.54846,137
122010022233120033,47.7513,11.56239,0.05882,0.02843,1,17,3.71747,0.0,0.70588,11.66667,13.8889,4.57054,210.38622,-0.10285,657.3515,269
122001311100302230,47.87632,10.94538,0.05882,0.02843,1,17,7.24638,0.0,0.94118,19.83377,22.59028,19.08463,200.0611,1.75229,745.7456,138
122010022232201113,47.77063,11.44695,0.05882,0.02843,1,17,7.8125,0.0,0.88235,20.83334,26.66068,12.43768,321.96083,0.31042,537.41455,128
122010200011130100,47.8351,11.5856,0.05714,0.03731,2,35,6.84932,0.02857,0.97143,18.61111,22.22224,22.52911,124.04375,1.23621,711.7613,292
122010200011112030,47.82692,11.58267,0.05714,0.03731,2,35,8.47458,0.0,0.97143,23.05556,27.7778,14.68472,306.30692,-1.46245,704.7919,236
122010022221031002,47.66036,11.37171,0.05714,0.03731,2,35,3.36134,0.05714,0.94286,12.22223,13.61112,3.79102,247.20493,0.3669,614.04535,595
122010200101120203,47.84184,11.73582,0.05556,0.03664,2,36,6.0241,0.02778,0.91667,11.66667,13.8889,10.13494,126.70303,-0.08813,721.596,332
122010022203031200,47.57758,11.37174,0.05556,0.02768,1,18,6.0241,0.05556,0.88889,15.27778,19.13889,11.71734,184.88634,-0.58103,829.78296,166
122010200003021213,47.92989,11.35324,0.05556,0.02768,1,18,6.06061,0.0,1.0,19.16667,22.77778,13.96327,184.84747,1.57174,674.0292,165
122010022202131112,47.57305,11.33576,0.05556,0.02768,1,18,6.21118,0.0,1.0,13.61112,15.83333,19.93135,90.53901,0.61235,819.54297,161
122010022232322331,47.81053,11.48042,0.05556,0.02768,1,18,5.84795,0.0,0.83333,13.33333,19.16667,10.72637,108.3259,-0.28669,604.76495,171
122010200102110310,47.9066,11.67634,0.05556,0.02768,1,18,4.83092,0.0,0.88889,15.0,16.11111,4.71906,409.8385,-0.07387,699.54944,207
122010200003120311,47.92848,11.39225,0.05556,0.02768,1,18,7.40741,0.05556,0.94444,23.61111,28.83333,21.79505,237.42419,0.00531,686.44385,135
122010200003121200,47.92909,11.39291,0.05556,0.02768,1,18,37.03704,0.0,0.94444,20.0,26.11111,5.98164,157.52555,0.71085,680.9899,27
122001311100300112,47.85788,10.95101,0.05556,0.02768,1,18,11.90476,0.05556,0.83333,12.77778,14.81505,10.47882,141.82719,-0.45483,743.60626,84
122001311102101303,47.90796,10.96076,0.05556,0.02768,1,18,7.69231,0.0,0.94444,26.66669,28.61111,7.23419,556.22626,2.98532,736.10394,130
122001133323323320,47.81032,11.04745,0.05556,0.02768,1,18,5.34759,0.05556,0.94444,15.0,17.56944,31.6889,90.09694,-3.12069,738.9328,187
122001311100213132,47.87213,10.9401,0.05556,0.02768,1,18,6.28931,0.0,0.94444,18.88889,23.05556,26.19069,107.79796,-0.0498,739.1275,159
122010200011310302,47.86398,11.58538,0.05263,0.03538,2,38,8.47458,0.0,0.89474,24.44446,28.88891,1.89841,,1.22299,713.72864,236
122010200003010131,47.90402,11.36968,0.05263,0.02697,1,19,4.6729,0.05263,0.73684,10.0,14.02778,20.61431,44.23459,-1.34861,708.60565,214
122010200003021110,47.9232,11.35728,0.05263,0.02697,1,19,6.32911,0.05263,0.94737,25.69444,33.18057,19.25629,345.73917,0.03478,676.866,158
122010200003021033,47.92742,11.35407,0.05263,0.02697,1,19,10.20408,0.0,1.0,23.94049,29.13889,12.94287,283.24919,-0.9119,670.7271,98
122010200101003331,47.83192,11.71111,0.05263,0.02697,1,19,6.32911,0.26316,0.52632,9.44444,16.75,7.00679,304.68553,-0.78576,731.74005,158
122010022200023321,47.50341,11.26816,0.05263,0.02697,1,19,12.82051,0.0,0.94737,12.92497,15.00001,8.38968,213.63542,3.55901,894.8775,78
122010200111001230,47.82108,11.87986,0.05263,0.02697,1,19,12.65823,0.0,0.94737,25.00002,29.80556,16.71139,278.78793,1.15787,666.2396,79
122010200003121223,47.93234,11.39508,0.05263,0.02697,1,19,6.36943,0.0,0.89474,13.61111,15.55556,11.91817,115.41985,-3.5986,689.08826,157
122001311112310313,47.95188,11.15076,0.05263,0.02697,1,19,5.84795,0.05263,0.94737,17.50001,19.44444,6.55919,325.28955,-0.66564,554.6211,171
122010200100201102,47.85831,11.61855,0.05263,0.02697,1,19,7.04225,0.0,0.89474,15.55556,19.44446,11.19497,123.11855,1.23846,756.79395,142
122010022200032022,47.49866,11.27268,0.05172,0.03913,3,58,8.15217,0.01724,0.91379,24.16669,28.05558,10.06167,528.39612,-0.42369,900.6513,368
122010022223111013,47.72622,11.41933,0.05128,0.03478,2,39,12.26994,0.0,1.0,21.38891,23.82885,12.02524,301.31375,-1.00999,599.14874,163
122010022233132030,47.76084,11.58314,0.05085,0.03863,3,59,2.60417,0.13559,0.76271,11.11112,14.72223,3.89852,96.00315,-1.34382,716.1494,1152
122010022202310021,47.59625,11.31809,0.05,0.03815,3,60,3.59281,0.01667,0.93333,13.11451,15.55556,21.59984,60.49894,0.2691,819.9569,835
122010022302120120,47.57387,11.65168,0.05,0.0342,2,40,11.42857,0.025,0.975,22.7778,27.22222,7.71429,433.97165,-0.6694,836.248,175
122010022233031313,47.75427,11.55696,0.05,0.0342,2,40,4.72813,0.025,0.85,13.05557,19.72224,6.38023,345.59254,-0.41879,661.21027,423
122001133331213101,47.69234,11.20296,0.05,0.0342,2,40,4.36681,0.0,0.95,15.27779,17.50001,6.98192,314.25348,1.1474,686.683,458
122010022232002301,47.74181,11.43325,0.05,0.0263,1,20,2.6178,0.15,0.2,10.0,15.78503,26.7916,41.89449,-0.19118,600.34094,382
122010022212200212,47.60058,11.42897,0.05,0.0263,1,20,7.46269,0.0,0.95,15.83334,18.8889,12.82768,144.85013,-0.57968,772.9275,134
122010022322332322,47.81245,11.67401,0.05,0.0263,1,20,4.5045,0.1,0.75,10.0,11.94445,6.99828,170.99614,-0.06087,747.4171,222
122010200010132121,47.84896,11.49902,0.05,0.0263,1,20,3.7037,0.0,0.95,10.83334,13.05556,9.5229,118.90507,0.20266,627.9726,270
122010200012132013,47.9358,11.49658,0.05,0.0263,1,20,10.98901,0.0,1.0,25.83333,30.32918,10.08009,530.86066,-0.81399,578.1333,91
122001133321033110,47.67018,11.02821,0.05,0.0263,1,20,7.29927,0.0,1.0,15.0,16.94446,5.21299,,0.47114,869.9624,137
122010022022221022,47.44352,11.26202,0.04878,0.03364,2,41,4.00802,0.0,0.97561,9.44445,10.83334,11.86121,77.69755,-0.10042,916.3345,499
122010200110133132,47.85066,11.86346,0.04878,0.03364,2,41,8.0,0.04878,0.90244,15.0,17.77778,15.76383,94.51899,0.30909,700.2887,250
122001133310211202,47.51242,11.10768,0.04762,0.04042,5,105,3.01023,0.13333,0.78095,11.94445,16.11112,16.7355,100.15295,0.14942,686.77167,1661
122010022200023201,47.4999,11.2632,0.04762,0.03677,3,63,10.67616,0.0,0.88889,15.00001,25.0,9.272,100.46835,2.13979,893.01965,281
122010022222110121,47.7283,11.32366,0.04762,0.0331,2,42,5.2356,0.07143,0.7619,15.27779,19.44446,27.31174,61.52112,0.20395,622.5068,382
122010200101033203,47.85326,11.72462,0.04762,0.02566,1,21,10.20408,0.0,0.90476,27.36111,33.33333,9.67719,,-0.28906,704.1416,98
122010022232210201,47.7749,11.44974,0.04762,0.02566,1,21,6.89655,0.0,1.0,18.33333,21.94444,19.6911,169.20874,-3.27817,555.51324,145
122001133301131311,47.48902,11.07354,0.04762,0.02566,1,21,4.36681,0.0,0.95238,12.56525,14.44444,1.67406,,-0.04672,724.5806,229
122001133310020202,47.48989,11.07534,0.04762,0.02566,1,21,12.04819,0.0,0.95238,12.77779,14.16668,1.651,,-0.86327,725.27106,83
122010200012132102,47.93522,11.49788,0.04762,0.02566,1,21,7.8125,0.04762,0.95238,21.66668,26.94444,6.26822,602.677,-0.53096,593.77264,128
122010022332321103,47.7926,11.8402,0.04762,0.02566,1,21,3.44828,0.09524,0.71429,10.64237,13.88889,2.93965,119.68565,0.35445,731.94696,290
122010022231110202,47.64426,11.58072,0.04545,0.02505,1,22,6.13497,0.0,1.0,21.66668,26.58333,16.07705,273.03503,0.52779,705.8874,163
122010022221021201,47.66516,11.35095,0.04444,0.03157,2,45,10.4712,0.0,1.0,25.00002,29.34787,7.14753,591.39474,-0.09694,617.6803,191
122010022212000330,47.55778,11.4348,0.04348,0.02446,1,23,3.69004,0.0,1.0,14.16668,16.3889,6.95388,235.58493,0.03359,801.1736,271
122001311102012322,47.92203,10.9266,0.04348,0.02446,1,23,4.0,0.0,0.91304,11.94444,14.34723,11.88592,133.96051,0.04559,744.9387,250
122001311102002110,47.9125,10.90696,0.04348,0.02446,1,23,5.81395,0.13043,0.56522,6.66667,10.98569,24.58816,20.61757,0.34647,670.3692,172
122010022233321303,47.79782,11.57596,0.04348,0.02446,1,23,7.87402,0.0,0.95652,18.05556,25.2778,20.86352,177.24996,1.17497,731.19415,127
122001311110130033,47.83918,11.14468,0.04348,0.02446,1,23,1.17096,0.56522,0.3913,7.91667,10.83334,5.88547,35.17729,-0.1871,575.0624,854
122010200100311133,47.86124,11.68938,0.04255,0.03063,2,47,6.84932,0.0,0.80851,25.00249,30.69445,7.08849,35.32792,-0.29488,726.4186,292
122001133211331220,47.53588,10.88823,0.04255,0.03063,2,47,2.87356,0.08511,0.85106,15.27778,20.0,25.36701,80.25916,3.03927,1108.6488,696
122010022233122130,47.76112,11.56678,0.04255,0.03063,2,47,1.67504,0.34043,0.55319,6.94445,11.66667,11.04097,76.19996,0.95281,687.9084,1194
122010200101313221,47.87624,11.76848,0.04211,0.03834,8,190,8.80088,0.02632,0.96316,31.38889,38.87526,2.15348,111.47504,0.14597,683.11554,909
122010022213033022,47.58664,11.54745,0.04167,0.03018,2,48,4.69484,0.02083,0.91667,13.61111,16.94444,28.717,74.9722,0.5325,788.1517,426
122001133320320310,47.70914,10.95108,0.04167,0.02391,1,24,7.8125,0.04167,0.95833,21.80557,23.61113,5.03712,,-2.38587,876.83093,128
122001133320320122,47.7078,10.94887,0.04167,0.02391,1,24,3.50877,0.04167,0.95833,23.05557,24.72224,2.68762,,-0.31968,901.6912,285
122010200012000032,47.9056,11.42869,0.04167,0.02391,1,24,8.92857,0.0,0.91667,13.76849,16.32288,9.62909,197.83305,-0.06413,595.6499,112
122010200011331303,47.88536,11.59806,0.04167,0.02391,1,24,5.43478,0.0,0.875,13.61112,15.27779,11.72212,110.54796,1.79586,741.13654,184
122010200101010313,47.82024,11.7221,0.04167,0.02391,1,24,8.0,0.0,1.0,20.27778,25.94444,16.17369,299.31241,-0.22527,771.46014,125
122010200101011201,47.81828,11.72395,0.04167,0.02391,1,24,11.76471,0.0,0.95833,17.77778,24.0,12.39804,242.93392,-0.08196,774.7802,85
122010022210100220,47.47003,11.47041,0.04167,0.02391,1,24,5.0,0.04167,0.95833,15.00001,16.94446,16.26943,141.44911,0.07271,948.8336,200
122010022323102213,47.74296,11.73785,0.04167,0.02391,1,24,2.99401,0.16667,0.375,10.28296,14.16667,18.07,63.94231,-0.80872,749.64014,334
122001311102012333,47.92119,10.9305,0.04167,0.02391,1,24,5.43478,0.0,0.91667,12.22223,13.8889,9.81834,146.3071,-1.02474,742.5106,184
122001133301131031,47.48591,11.0683,0.04167,0.02391,1,24,4.90196,0.125,0.70833,11.66668,13.33334,1.83832,,-0.77577,728.5545,204
122010200100220202,47.88534,11.60263,0.04167,0.02391,1,24,12.04819,0.0,0.95833,13.88889,16.58334,7.45382,251.10614,1.06261,735.06055,83
122001133211333100,47.53902,10.89361,0.04,0.02931,2,50,7.19424,0.0,1.0,19.16667,23.22223,20.43738,165.91454,-0.79533,1082.5316,278
122010022213132110,47.58214,11.58852,0.04,0.02931,2,50,9.47867,0.0,1.0,26.11113,29.16667,11.15703,532.61673,-0.41554,793.8407,211
122010200012000001,47.90104,11.42734,0.04,0.02338,1,25,2.46914,0.24,0.24,8.33333,12.6466,14.71664,64.38491,-0.06982,596.26556,405
122010200101010331,47.82144,11.72172,0.04,0.02338,1,25,5.61798,0.0,0.96,21.38889,25.0,2.73512,278.33949,-0.81692,765.7912,178
122010022210013212,47.47926,11.46265,0.04,0.02338,1,25,4.97512,0.0,1.0,13.88889,16.3889,12.86095,126.16254,-0.03343,942.9281,201
122010200111013201,47.8291,11.90051,0.04,0.02338,1,25,16.94915,0.0,1.0,28.05556,31.66667,1.07649,,-0.35547,730.1277,59
122010200101123132,47.85065,11.75332,0.04,0.02338,1,25,4.4843,0.0,1.0,13.05555,15.00001,12.75401,116.35269,0.30161,706.97174,223
122010022221330312,47.7101,11.41265,0.04,0.02338,1,25,3.0303,0.12,0.76,13.61112,16.77504,6.59311,286.02794,0.02171,640.2738,330
122010022233312033,47.7842,11.58426,0.04,0.02338,1,25,5.10204,0.0,0.76,18.05556,24.93056,7.16059,299.45312,-2.63255,722.7149,196
122010022233312221,47.7888,11.58104,0.04,0.02338,1,25,1.65837,0.16,0.68,17.22222,22.77778,11.901,254.01858,-0.73309,727.5617,603
122001311103031210,47.92848,11.02258,0.04,0.02338,1,25,5.05051,0.0,0.96,22.23318,25.81888,26.86337,129.71486,-0.86229,706.1868,198
122001311103031213,47.92974,11.02423,0.04,0.02338,1,25,8.06452,0.0,1.0,27.22222,29.72224,10.46772,542.83582,-0.30327,703.8841,124
122010200101013202,47.8312,11.72259,0.03846,0.02287,1,26,2.69542,0.07692,0.69231,8.33333,10.55556,15.05707,49.38391,-1.7011,749.62213,371
122010200111013211,47.82937,11.90312,0.03846,0.02287,1,26,3.0303,0.15385,0.73077,16.38889,28.86111,12.88606,110.99313,1.06387,747.694,330
122010200010331232,47.8887,11.50555,0.03846,0.02287,1,26,4.14938,0.0,0.84615,15.83333,19.44446,1.58471,,-0.2148,585.5617,241
122010200101120231,47.84338,11.73849,0.03846,0.02287,1,26,3.84615,0.03846,0.96154,15.55557,18.33334,11.28918,223.02638,-1.29432,721.7692,260
122010022200321122,47.53219,11.31121,0.03846,0.02287,1,26,4.80769,0.0,1.0,11.66668,13.8889,18.36653,74.15295,-0.08247,873.1117,208
122001311013023100,47.93434,10.82755,0.03846,0.02287,1,26,4.46429,0.03846,0.80769,11.66667,14.44444,14.08634,82.47852,-1.12461,688.62506,224
122010200012131121,47.92592,11.5107,0.03846,0.02287,1,26,9.09091,0.0,0.96154,14.72222,18.69444,15.79786,176.65864,-0.41574,637.36633,110
122010022200032320,47.50282,11.27838,0.03774,0.02811,2,53,3.24675,0.01887,0.98113,13.05557,15.55556,4.33448,225.54301,-0.29737,887.2704,616
122010200101313213,47.87514,11.77111,0.03763,0.03423,7,186,8.66337,0.00538,0.98387,32.22222,39.77778,1.89095,,-0.04675,685.28406,808
122010022022202302,47.43522,11.25621,0.03704,0.02238,1,27,1.25,0.07407,0.37037,10.00001,13.33334,26.03468,30.77807,-0.99547,948.5316,800
122010022302312220,47.61294,11.66795,0.03704,0.02238,1,27,9.25926,0.0,1.0,30.00002,32.50003,7.18466,689.70963,-0.17312,890.8483,108
122010200000111213,47.82014,11.33165,0.03704,0.02238,1,27,3.40136,0.07407,0.81481,15.27779,16.94444,9.38614,163.03987,0.06945,595.99493,294
122010022200321123,47.53202,11.31221,0.03704,0.02238,1,27,1.79533,0.07407,0.88889,14.16668,17.77778,7.19765,120.69637,-0.75091,885.21655,557
122001311102003213,47.91837,10.91421,0.03704,0.02238,1,27,6.41026,0.0,1.0,18.88889,21.11111,12.07301,189.37457,-0.26563,724.0682,156
122010022323230110,47.7916,11.72091,0.03704,0.02238,1,27,9.34579,0.03704,0.92593,18.98071,22.56946,5.68646,,0.87864,780.087,107
122010022200032300,47.50003,11.27801,0.03636,0.02736,2,55,2.73224,0.05455,0.89091,14.72222,16.66667,3.751,,-0.17571,886.848,732
122010200101012131,47.82654,11.72235,0.03571,0.02192,1,28,10.0,0.0,1.0,18.75,23.375,7.08172,410.45132,1.00346,758.5126,100
122010200011101113,47.81426,11.57908,0.03571,0.02192,1,28,5.98802,0.03571,0.92857,19.16666,25.625,9.92012,217.41933,-0.84508,702.6074,167
122010022200320130,47.52992,11.30291,0.03571,0.02192,1,28,4.09836,0.0,0.96429,13.33334,15.55557,9.38647,172.54466,2.78105,887.93195,244
122001311102000222,47.91112,10.89909,0.03571,0.02192,1,28,5.95238,0.0,0.92857,19.86112,23.88889,6.43318,30.55847,2.70975,697.3732,168
122010200012102332,47.92153,11.47863,0.03571,0.02192,1,28,4.38596,0.10714,0.71429,15.55556,23.33069,15.66168,222.69135,-0.72146,661.38763,228
122010200100220200,47.88515,11.602,0.03571,0.02192,1,28,6.21118,0.0,0.96429,12.22222,15.27778,12.93538,109.27506,1.34577,741.7049,161
122010200110231101,47.87912,11.81842,0.03448,0.02631,2,58,6.77966,0.01724,0.96552,13.61111,22.22222,24.78628,265.54224,-0.31582,602.3483,295
122010200012000210,47.90632,11.42941,0.03448,0.02147,1,29,3.14465,0.10345,0.58621,10.53541,14.05776,5.92166,174.82356,-0.57131,592.70325,318
122010200000113113,47.82507,11.33763,0.03448,0.02147,1,29,3.98406,0.2069,0.58621,8.84275,14.72222,16.93274,40.241,0.19331,607.0631,251
122010200010101232,47.82279,11.48433,0.03448,0.02147,1,29,4.34783,0.0,0.96552,18.19444,22.77778,1.61344,490.88815,-0.38717,573.25397,230
122010200011110032,47.8178,11.58272,0.03448,0.02147,1,29,6.62252,0.03448,0.89655,12.77779,15.41667,33.67601,67.0833,-1.14075,702.9556,151
122010200011101110,47.81306,11.57758,0.03448,0.02147,1,29,4.2735,0.0,1.0,18.90881,22.79168,19.86305,171.37575,-0.65591,702.24097,234
122010200011101101,47.8126,11.57652,0.03448,0.02147,1,29,12.98701,0.0,1.0,19.44444,23.33334,26.2004,235.61253,-0.73393,701.903,77
122010200103112110,47.912,11.76469,0.03448,0.02147,1,29,5.78035,0.0,0.86207,25.0,31.11111,14.9434,255.20895,1.5949,675.83734,173
122001311013102030,47.91466,10.85791,0.03448,0.02147,1,29,4.54545,0.0,0.93103,14.72222,17.22224,4.04896,100.661,0.43538,711.2726,220
122010022200331322,47.53694,11.33312,0.03448,0.02147,1,29,4.58716,0.0,1.0,17.22224,20.55556,5.47401,198.57714,-0.19919,859.05145,218
122010022203202222,47.61382,11.3389,0.0339,0.02597,2,59,3.68324,0.01695,0.88136,15.83335,18.933,19.29131,117.38598,0.06821,817.90045,543
122010200101212300,47.87359,11.71784,0.03333,0.02565,2,60,4.0404,0.03333,0.91667,20.55556,25.27778,5.20051,,-0.4826,688.04144,495
122010022202120101,47.57164,11.30133,0.03333,0.02565,2,60,3.1746,0.01667,0.88333,15.27778,19.16667,27.834,90.23152,-0.04584,853.011,630
122010200103111202,47.9076,11.76651,0.03333,0.02104,1,30,8.54701,0.03333,0.96667,20.55556,25.55556,15.65576,251.04047,-0.11287,682.94293,117
122010022232012313,47.74366,11.45762,0.03333,0.02104,1,30,10.52632,0.0,1.0,15.83335,17.47224,3.40966,,-1.81202,680.11255,95
122010022022223103,47.45188,11.26861,0.03279,0.02533,2,61,3.3389,0.0,0.98361,16.3889,19.50025,8.77586,215.57764,-0.60747,918.2481,599
122010022322322031,47.80494,11.65044,0.03279,0.02533,2,61,5.22193,0.0,0.98361,25.96215,31.38889,7.42685,133.72668,-0.17518,738.4585,383
122010022203221022,47.61964,11.34943,0.03279,0.02533,2,61,1.9685,0.04918,0.86885,11.66667,14.44446,32.5982,45.54992,-0.14996,862.31354,1016
122010022221001101,47.63734,11.35652,0.03226,0.02502,2,62,2.09864,0.03226,0.8871,12.22222,15.27778,30.23768,60.42841,-0.27351,674.5015,953
122010200010103012,47.8256,11.48459,0.03226,0.02063,1,31,2.03666,0.29032,0.54839,11.11112,19.72223,17.68565,158.19798,-0.0378,591.6148,491
122010022232000310,47.73078,11.43472,0.03226,0.02063,1,31,6.66667,0.0,1.0,22.22224,25.00002,5.41971,,0.06061,624.7775,150
122010200102300013,47.94638,11.65053,0.03226,0.02063,1,31,4.44444,0.0,1.0,20.27778,23.88889,1.58484,,0.10142,659.3955,225
122010200111021032,47.83888,11.87917,0.03226,0.02063,1,31,7.46269,0.03226,0.93548,21.11113,27.33333,29.63789,176.12881,-0.76536,652.8084,134
122001133310231300,47.53298,11.11271,0.03226,0.02063,1,31,2.7248,0.03226,0.87097,13.05557,15.00001,5.31826,278.08884,0.01849,671.3517,367
122010022221001010,47.63732,11.35184,0.03175,0.02472,2,63,2.98507,0.04762,0.87302,14.72222,17.58334,15.0147,129.12113,-0.02052,641.67566,670
122001133312012102,47.56166,11.10262,0.03158,0.02654,3,95,2.19298,0.05263,0.93684,13.05557,15.00001,21.78787,76.54292,1.54147,865.8892,1368
122010200101210102,47.85858,11.71775,0.03125,0.02443,2,64,3.21027,0.03125,0.75,18.05556,23.05557,17.59568,68.60649,-0.82481,703.60913,623
122010022233233312,47.80948,11.556,0.03125,0.02023,1,32,7.57576,0.0,0.78125,21.07717,26.94447,23.81756,389.8902,-2.0793,643.6976,132
122010200101012002,47.82524,11.71266,0.03125,0.02023,1,32,7.93651,0.0,0.96875,22.88672,28.68056,10.89561,493.72134,0.53803,746.4969,126
122010022232012331,47.74416,11.4583,0.03125,0.02023,1,32,4.90196,0.0,1.0,15.27779,16.94444,3.08196,,-0.93289,684.41974,204
122010022232000211,47.73014,11.43118,0.03125,0.02023,1,32,27.77778,0.0,1.0,20.27779,21.94446,9.69699,372.18617,0.30447,591.1477,36
122001311013301230,47.95323,10.86903,0.03125,0.02023,1,32,3.861,0.0,1.0,18.61113,22.58333,6.22423,555.77386,-1.18451,635.50195,259
122010200110231321,47.88707,11.81771,0.03077,0.02414,2,65,7.24638,0.01538,0.92308,15.0,22.5,22.0907,106.65308,0.80717,593.9428,276
122010022231302300,47.6975,11.56332,0.0303,0.02386,2,66,9.7561,0.0,1.0,25.83335,29.95875,2.00605,,0.03911,685.0025,205
122010022232000301,47.7306,11.43334,0.0303,0.01985,1,33,6.06061,0.0,1.0,21.11113,22.22224,4.8397,441.00729,0.26148,625.5586,165
122010200011112322,47.83387,11.58542,0.0303,0.01985,1,33,4.1841,0.0,0.9697,20.0,27.58335,8.12283,244.46451,5.06834,718.2838,239
122010200110201210,47.8622,11.79177,0.0303,0.01985,1,33,4.16667,0.0,0.93939,15.83333,20.0,12.42051,217.01357,0.2734,663.81165,240
122001133310120010,47.48404,11.12158,0.03,0.02543,3,100,3.17125,0.07,0.87,13.8889,16.66668,10.13631,216.62674,-0.86558,742.7812,946
122010200112110231,47.9087,11.84796,0.02985,0.02359,2,67,6.75676,0.02985,0.95522,10.0,14.16667,3.81375,279.80418,0.16037,562.5348,296
122010022301030221,47.49186,11.71394,0.02941,0.01948,1,34,4.80769,0.0,1.0,24.44444,31.6661,9.74542,469.57436,-0.45488,960.57007,208
122010200011110221,47.82142,11.58138,0.02941,0.01948,1,34,2.77008,0.0,0.73529,17.50001,21.38889,26.86518,107.88207,-1.70204,701.6139,361
122010022232102232,47.74642,11.47315,0.02941,0.01948,1,34,5.40541,0.0,0.97059,20.27779,24.27779,4.10113,,-0.41255,711.3633,185
122010022301203112,47.51794,11.70885,0.02941,0.01948,1,34,3.73134,0.0,1.0,19.16667,21.94271,2.61569,,-0.32989,941.3227,268
122010022231123031,47.67318,11.57347,0.02899,0.02306,2,69,3.85356,0.01449,0.92754,24.16668,28.88889,5.04419,155.13675,-0.26559,700.6342,519
122010022200023023,47.4992,11.26279,0.02899,0.02306,2,69,5.68182,0.10145,0.69565,20.83335,28.36238,16.31061,69.47378,0.22776,901.9518,352
122010022203223322,47.63621,11.35499,0.02899,0.02306,2,69,1.55763,0.01449,0.84058,12.5,16.38889,28.82994,50.4971,0.0146,673.20447,1284
122010022200213203,47.524,11.28439,0.02899,0.02306,2,69,15.03759,0.0,1.0,13.05557,15.27778,6.83264,243.29735,-2.12598,878.87494,133
122010022233102103,47.7377,11.56511,0.02899,0.02306,2,69,4.62963,0.02899,0.95652,23.05557,28.05556,8.76974,539.97223,0.09926,669.90247,432
122010022202102323,47.5697,11.30181,0.02857,0.0228,2,70,1.98216,0.17143,0.71429,14.62411,19.44446,8.40495,46.13188,-0.09978,813.1773,1009
122001133332222110,47.80246,11.08324,0.02857,0.01913,1,35,5.20833,0.0,0.82857,12.22223,24.16669,23.28142,41.5994,-0.08204,602.0238,192
122010022223000013,47.72719,11.34258,0.02857,0.01913,1,35,3.96825,0.02857,0.8,19.44446,23.88891,19.77726,62.24569,-0.16623,621.46515,252
122010022232121001,47.7478,11.48263,0.02857,0.01913,1,35,7.0922,0.0,1.0,22.7778,25.55558,1.81846,,-0.36674,718.20624,141
122010022301030223,47.49322,11.71336,0.02857,0.01913,1,35,4.80769,0.0,1.0,26.11113,32.50003,2.77973,,-0.63981,959.64813,208
122010200011130030,47.83821,11.58316,0.02857,0.01913,1,35,3.28947,0.05714,0.91429,15.83334,20.0,27.18069,113.97421,-1.16097,693.9778,304
122010200010311111,47.85654,11.51299,0.02857,0.01913,1,35,5.07614,0.0,1.0,19.72222,23.33334,4.08859,,-0.71581,588.0145,197
122010022200213202,47.52337,11.28391,0.02778,0.0223,2,72,2.08333,0.01389,0.97222,13.33334,15.55556,8.13889,205.99283,-0.8027,883.43225,960
122010022223001020,47.72812,11.34976,0.02778,0.01878,1,36,2.84091,0.02778,0.94444,23.61113,26.94445,5.32691,151.58102,-0.1245,632.3398,352
122010200010331230,47.88714,11.50567,0.02778,0.01878,1,36,1.61812,0.25,0.55556,10.83333,18.88889,6.83304,42.51783,-0.52502,604.7119,618
122010022221312202,47.69918,11.40478,0.02778,0.01878,1,36,2.331,0.11111,0.72222,14.7817,19.44446,12.49508,256.78391,-0.2291,615.7817,429
122010022233122122,47.76289,11.5641,0.02778,0.01878,1,36,3.80228,0.11111,0.69444,9.72222,12.77778,4.95662,70.22603,-1.19743,682.3762,263
122010022222110131,47.72796,11.32613,0.02703,0.02183,2,74,5.73066,0.01351,0.89189,18.61112,22.26907,7.17519,60.76845,0.04283,618.02325,349
122010022220033021,47.6731,11.28497,0.02703,0.01846,1,37,3.18471,0.0,0.94595,19.44446,21.66668,10.17094,374.01511,-0.30813,649.93756,314
122010022301221103,47.52889,11.70816,0.02703,0.01846,1,37,2.68097,0.05405,0.91892,18.28126,22.73611,5.15432,59.55377,0.68216,944.5654,373
122001133300013123,47.47683,10.93894,0.02703,0.01846,1,37,2.74725,0.02703,0.94595,18.8889,22.78298,14.26222,214.20948,-0.42002,832.1397,364
122010022231130013,47.66091,11.58471,0.02632,0.02137,2,76,4.24628,0.01316,0.89474,22.50002,28.88889,11.10231,121.61452,-0.45733,706.55853,471
122010200011310120,47.85982,11.5856,0.02632,0.01814,1,38,3.28947,0.05263,0.84211,18.21635,25.0,10.42157,347.34254,-0.63433,716.22473,304
122010022221301101,47.68132,11.40091,0.02632,0.01814,1,38,3.69004,0.0,0.92105,20.83335,23.88889,1.51644,,0.62652,600.98,271
122010022302111123,47.55316,11.68559,0.02632,0.01814,1,38,9.90099,0.02632,0.94737,20.27778,25.0,8.98173,290.92746,-0.41284,897.55725,101
122001133321130331,47.66721,11.06252,0.02609,0.02261,3,115,3.91645,0.0,1.0,16.11112,20.55557,0.98611,,1.24275,797.0034,766
122001133310231333,47.53716,11.11796,0.02609,0.02261,3,115,3.63196,0.0087,0.93913,22.22224,26.11113,8.12108,560.74463,0.84842,675.1082,826
122010200003010120,47.90327,11.36609,0.02564,0.01783,1,39,1.31752,0.23077,0.58974,10.43574,16.66667,12.38561,131.33148,-0.45886,684.787,759
122010022223000121,47.72786,11.34549,0.02564,0.01783,1,39,3.69004,0.0,0.87179,18.8889,23.61111,17.00273,79.08916,-0.06367,619.1418,271
122010022302031310,47.5774,11.64396,0.02564,0.01783,1,39,7.87402,0.0,0.97436,20.0,24.18565,5.01821,372.49277,-0.24576,841.1002,127
122010200010331212,47.88609,11.50569,0.02564,0.01783,1,39,3.1348,0.07692,0.74359,16.38889,20.55556,5.99043,85.87726,-0.1382,592.1029,319
122010022212000333,47.55937,11.43615,0.02564,0.01783,1,39,1.33333,0.20513,0.58974,8.05556,13.05555,15.16024,85.83772,-1.16292,806.45605,750
122001133310023221,47.5028,11.08757,0.02564,0.01783,1,39,1.70068,0.10256,0.84615,12.77779,16.94444,1.64755,117.11558,-0.22611,702.0702,588
122001311013033203,47.94118,10.84551,0.02564,0.01783,1,39,4.34783,0.0,1.0,21.94445,26.0139,3.83988,,0.31888,688.44104,230
122001311013033202,47.94048,10.84431,0.02564,0.01783,1,39,3.90625,0.0,0.94872,16.38889,21.94446,6.07789,,-0.23289,686.7376,256
122010200011330113,47.88058,11.58982,0.025,0.01753,1,40,1.99601,0.15,0.45,14.16668,22.22224,18.00007,75.35805,0.14009,739.5207,501
122010022302031321,47.57982,11.6424,0.025,0.01753,1,40,3.16456,0.0,1.0,17.22222,20.53681,2.58602,,2.27947,855.37225,316
122010022022202333,47.43844,11.26016,0.02439,0.01724,1,41,0.47192,0.2439,0.68293,8.05556,11.3889,4.86262,142.4114,-0.39619,918.32416,2119
122010022302031312,47.57837,11.64332,0.02439,0.01724,1,41,3.02115,0.0,0.97561,19.44444,22.77778,1.85271,,0.48067,847.42706,331
122010200101212221,47.8759,11.71346,0.02439,0.01724,1,41,3.96825,0.02439,0.90244,18.33333,20.83334,1.50259,101.60579,-0.53261,697.6454,252
122010022302111220,47.5579,11.67915,0.02439,0.01724,1,41,3.47222,0.0,1.0,20.83333,25.83333,9.63077,332.85834,-0.06972,891.8406,288
122010022200012013,47.47422,11.27713,0.0241,0.01992,2,83,4.914,0.0,1.0,22.92449,27.22224,3.1004,,-0.29893,894.02057,407
122001133310032101,47.49511,11.10417,0.0241,0.01992,2,83,4.71698,0.04819,0.89157,13.33334,15.27779,2.47372,,-0.62992,714.1452,424
122010200101212330,47.87638,11.71999,0.02381,0.01697,1,42,3.33333,0.07143,0.85714,14.44444,20.27778,24.54945,49.79842,0.49475,710.6723,300
122010200103112220,47.92052,11.75593,0.02381,0.01697,1,42,1.17786,0.64286,0.09524,7.77778,14.45834,7.06184,80.03121,0.08883,666.67773,849
122010200011133033,47.85028,11.59547,0.02381,0.01697,1,42,1.71527,0.04762,0.90476,12.78309,15.55557,12.99958,123.04116,-1.58753,700.79987,583
122010022220130111,47.65884,11.32644,0.02381,0.01697,1,42,6.75676,0.0,0.97619,22.91668,29.16667,1.63906,,-0.28208,621.5271,148
122010022220122311,47.67528,11.30414,0.02326,0.0167,1,43,2.57069,0.02326,0.93023,11.88794,13.61111,13.91694,90.50064,0.60918,636.3485,389
122001311112210022,47.94911,11.09695,0.02326,0.0167,1,43,1.67504,0.09302,0.83721,9.44444,11.38889,2.62042,195.1273,0.32339,594.59174,597
122010200101202122,47.87202,11.69566,0.02273,0.01644,1,44,2.41546,0.04545,0.93182,14.68751,16.66667,5.12617,303.09453,-0.292,721.1095,414
122010200101313222,47.87714,11.76672,0.02273,0.01644,1,44,10.52632,0.0,0.97727,16.94444,36.66667,6.07538,93.23837,-0.695,678.16705,95
122010200101233003,47.89142,11.72443,0.02222,0.01865,2,90,2.61438,0.03333,0.91111,22.77778,28.33333,3.93824,,-0.57864,681.44495,765
122010200111012200,47.82992,11.88806,0.02222,0.01618,1,45,7.57576,0.02222,0.97778,26.11111,33.05556,9.49711,117.34935,-0.69304,674.16315,132
122010200111020220,47.84368,11.86606,0.02222,0.01618,1,45,2.96736,0.04444,0.73333,13.68511,19.16667,31.79893,67.92941,0.51052,694.9714,337
122001133312102000,47.56064,11.11888,0.02198,0.01849,2,91,2.43309,0.02198,0.93407,14.44446,16.66668,20.98351,100.90916,0.88506,786.58936,822
122001133211213223,47.52633,10.84523,0.02174,0.01594,1,46,3.57143,0.0,1.0,17.77779,22.62502,15.56048,173.11665,-1.47644,1091.4985,280
122001311112201133,47.9492,11.09533,0.02174,0.01594,1,46,1.37174,0.17391,0.56522,8.61111,11.94444,11.81978,89.37001,-0.00755,594.4139,729
122010022233031321,47.7551,11.55405,0.02128,0.0157,1,47,1.25313,0.2766,0.6383,10.00001,15.0,13.86133,53.65063,1.25388,669.7514,798
122001133312013100,47.5605,11.1133,0.02105,0.01784,2,95,2.55754,0.0,1.0,13.61111,16.11112,16.19723,78.86237,0.88618,809.0048,782
122001133310120112,47.48544,11.12707,0.02105,0.01784,2,95,3.12989,0.0,0.98947,17.77779,20.83335,7.58214,315.76382,-1.9423,760.5501,639
122001311113022302,47.9409,11.1682,0.02083,0.01547,1,48,3.23625,0.0,0.97917,26.11111,29.44444,5.13471,490.5079,0.04261,657.6469,309
122010200110301010,47.85652,11.83533,0.02083,0.01547,1,48,5.95238,0.0,0.95833,13.88889,16.38889,10.0449,151.04253,-0.13845,698.5378,168
122001133211331222,47.53658,10.88818,0.02083,0.01547,1,48,2.849,0.08333,0.85417,14.72222,18.36112,25.29686,94.38434,2.51984,1093.6758,351
122010200111003232,47.83374,11.87986,0.02041,0.01525,1,49,3.23625,0.0,0.87755,16.66667,22.77779,23.29476,153.52615,-2.69516,653.132,309
122010200110123322,47.85597,11.83844,0.02041,0.01525,1,49,4.14938,0.04082,0.93878,19.44444,23.33334,16.9347,231.38956,0.42978,698.60706,241
122001133211331223,47.53719,10.88938,0.02041,0.01525,1,49,1.8797,0.04082,0.91837,16.11112,21.36111,16.45217,158.88406,1.13099,1087.2662,532
122001133302102210,47.5659,10.94582,0.02041,0.01525,1,49,4.08163,0.0,0.95918,19.44446,24.55557,12.77039,308.0513,0.807,963.24945,245
122001311112210121,47.94769,11.1033,0.02041,0.01525,1,49,0.58377,0.53061,0.18367,6.38889,10.55556,14.53024,43.60998,-0.18757,572.4203,1713
122001133310130002,47.48548,11.14083,0.0202,0.01724,2,99,3.12012,0.0202,0.93939,20.56988,23.88891,8.47814,472.65259,-1.48732,816.6272,641
122010200101330002,47.88102,11.75635,0.02,0.01795,3,150,9.61538,0.01333,0.97333,30.55556,40.0,1.44396,,0.57755,690.1385,312
122001133310120003,47.48458,11.11995,0.02,0.0171,2,100,1.6247,0.18,0.71,9.16667,14.72223,7.42848,188.5374,-1.41438,738.0848,1231
122010022200000133,47.46572,11.26034,0.02,0.01503,1,50,1.21951,0.0,1.0,12.77779,14.44446,20.85406,69.10104,-0.30243,944.46014,820
122010022231123120,47.67252,11.57432,0.02,0.01503,1,50,10.75269,0.0,1.0,17.93995,27.61844,10.90046,70.38351,-0.60122,695.1718,93
122010200001332330,47.89801,11.41272,0.02,0.01503,1,50,4.65116,0.04,0.94,26.11113,30.55558,9.39287,648.67838,-0.13155,614.51666,215
122010022333223201,47.80788,11.87806,0.01961,0.01482,1,51,5.64972,0.01961,0.96078,14.44444,20.93057,7.74135,370.21835,-6.47709,640.6626,177
122001133310210101,47.50558,11.10369,0.01942,0.01668,2,103,1.61031,0.04854,0.91262,13.61734,16.38889,2.30804,,-0.11294,700.9043,1242
122010022203220130,47.6185,11.34674,0.01923,0.01461,1,52,2.18341,0.01923,0.94231,13.61837,16.3889,17.42422,102.09666,-0.60802,826.62537,458
122010200110211001,47.8571,11.81234,0.01923,0.01461,1,52,2.43902,0.05769,0.86538,13.33334,16.93338,6.30831,252.55486,1.20655,719.18506,410
122010022220020300,47.66427,11.25644,0.01923,0.01461,1,52,10.75269,0.0,1.0,38.61111,43.33337,5.98319,,-0.12787,697.6411,93
122010022332321132,47.79514,11.8417,0.01852,0.01422,1,54,7.14286,0.0,0.98148,13.05556,14.72222,2.81234,600.15515,-1.61668,724.03674,140
122010200110132323,47.85565,11.85083,0.01852,0.01422,1,54,2.25734,0.03704,0.87037,14.16668,19.16667,17.80849,87.63385,-1.11766,703.4376,443
122010200110122013,47.84746,11.82624,0.01818,0.01403,1,55,3.32226,0.0,0.94545,11.66667,18.88889,17.71828,54.48804,-1.11266,693.36346,301
122010022202123021,47.58514,11.3071,0.01786,0.01384,1,56,1.47493,0.01786,0.92857,13.88889,16.57678,20.30845,111.54977,-0.23327,818.09106,678
122001311112033001,47.93436,11.1094,0.01786,0.01384,1,56,3.63636,0.0,0.98214,17.77778,21.08333,10.67193,248.43043,-0.15624,555.53906,275
122010022022221322,47.4495,11.26659,0.01754,0.01366,1,57,1.56986,0.08772,0.73684,10.27779,12.77779,9.19744,69.85526,0.11177,911.77295,637
122010022202313133,47.6083,11.3374,0.01724,0.01349,1,58,2.6455,0.0,0.94828,18.33333,24.05556,18.93199,176.92427,-0.54903,821.1124,378
122010022202120100,47.57166,11.3006,0.01695,0.01332,1,59,2.20751,0.05085,0.89831,12.08334,15.00001,34.29994,45.47228,0.03855,851.9972,453
122010022202120121,47.57403,11.30174,0.01695,0.01332,1,59,2.73973,0.0,0.9661,18.8889,25.00002,23.77403,150.89027,0.53356,867.10114,365
122010022202310003,47.59483,11.31859,0.01695,0.01332,1,59,1.5083,0.01695,0.86441,14.41641,16.66668,6.23585,296.39496,-0.23275,821.1906,663
122010200112101312,47.9074,11.84148,0.01667,0.01315,1,60,10.0,0.0,0.98333,8.33333,13.69445,4.75651,33.15615,-0.48021,569.0945,100
122010022233120102,47.74906,11.56432,0.01667,0.01315,1,60,3.64964,0.0,0.96667,13.61111,15.4836,7.82413,210.62576,0.14786,665.2949,274
122010022221012201,47.65332,11.36257,0.01667,0.01315,1,60,8.62069,0.0,0.98333,13.84277,16.11111,3.194,,0.30901,642.37634,116
122010200110302103,47.86966,11.82899,0.01639,0.01299,1,61,3.1746,0.01639,0.96721,14.44444,15.94445,11.74362,113.90134,-8.59462,600.33264,315
122001133311113233,47.48214,11.24383,0.01639,0.01299,1,61,2.65957,0.0,1.0,16.60857,18.33335,11.72886,203.89792,0.87389,937.6205,376
122010022202123032,47.58676,11.3085,0.01639,0.01299,1,61,0.48544,0.11475,0.81967,13.88889,15.83585,8.38177,199.58755,-0.35142,812.33264,2060
122010022203223011,47.6264,11.35379,0.01639,0.01299,1,61,1.16822,0.0,0.85246,14.16667,18.05557,30.28278,58.80934,0.91018,828.89246,856
122010022022223112,47.45249,11.26947,0.01613,0.01283,1,62,6.71141,0.0,1.0,18.33335,20.83335,5.8079,372.28503,-0.48928,920.0661,149
122010022233120311,47.75266,11.56794,0.01587,0.01267,1,63,2.44499,0.01587,0.98413,18.61113,23.33334,5.57488,382.31564,0.42662,672.9189,409
122010200101313220,47.87672,11.76711,0.01571,0.01446,3,191,4.44444,0.01571,0.94764,32.91667,39.16668,2.3276,168.36363,0.26583,688.08673,675
122010200110231332,47.88876,11.81918,0.01562,0.01252,1,64,5.55556,0.0,0.98438,13.61111,27.65637,10.33713,441.08853,1.89553,597.3348,180
122001133312102103,47.56188,11.12604,0.0155,0.01377,2,129,1.62075,0.00775,0.93798,15.27779,21.94444,10.21345,246.87013,-0.64613,676.93555,1234
122010200110322321,47.89892,11.8288,0.01538,0.01238,1,65,3.34448,0.0,0.98462,17.22222,18.05556,33.1826,53.49698,0.3094,554.9999,299
122010022322322322,47.81192,11.65164,0.01515,0.01223,1,66,1.37741,0.06061,0.74242,14.30556,26.66667,21.60412,39.61519,-0.64645,735.7937,726
122010022231130102,47.66058,11.58564,0.01515,0.01223,1,66,4.56621,0.0,0.98485,16.66668,25.08335,16.13004,164.69235,0.06853,697.67395,219
122010022231300332,47.69102,11.56669,0.01515,0.01223,1,66,2.43309,0.01515,0.9697,25.83333,30.83333,6.79784,212.51086,-0.23649,685.4174,411
122010022200210120,47.50816,11.27868,0.01515,0.01223,1,66,1.72414,0.0,0.92424,13.8889,15.55557,2.59899,,-0.04802,881.9924,580
122010022231123102,47.67182,11.57489,0.01493,0.01209,1,67,1.91571,0.02985,0.9403,24.34724,28.88889,8.13415,33.81045,-0.05812,702.61536,522
122010022203223210,47.63196,11.35223,0.01493,0.01209,1,67,0.68353,0.01493,0.89552,13.61112,16.66667,25.22845,76.64313,0.07588,746.9036,1463
122010022231302232,47.70194,11.5616,0.01493,0.01209,1,67,2.61097,0.0,0.98507,26.11113,30.65664,6.90793,,-0.08251,684.5675,383
122010022221030101,47.65934,11.36771,0.01493,0.01209,1,67,0.89606,0.16418,0.50746,7.77778,12.22223,12.90692,67.87925,0.16494,621.72034,1116
122010022203223212,47.63314,11.35253,0.01471,0.01195,1,68,1.24069,0.0,0.91176,14.72223,18.05557,21.44121,113.08958,-0.13712,733.8118,806
122010022200213223,47.52623,11.28492,0.01471,0.01195,1,68,1.001,0.02941,0.88235,11.47535,13.98734,13.32009,86.131,0.38917,905.0018,999
122010022231302211,47.69818,11.5629,0.01471,0.01195,1,68,4.73934,0.01471,0.94118,25.83335,29.72222,2.58362,,-0.16058,685.85736,211
122010022213333012,47.62794,11.59453,0.01449,0.01182,1,69,2.82486,0.0,0.98551,22.69878,27.51391,3.78553,,-0.74455,726.67993,354
122010022213333030,47.62916,11.59425,0.01449,0.01182,1,69,2.20264,0.0,0.98551,21.11111,26.11111,4.2778,,-0.6058,725.6036,454
122010022200212133,47.52055,11.28198,0.01449,0.01182,1,69,0.68446,0.04348,0.84058,11.38889,13.8889,9.88286,97.56245,0.08854,876.02875,1461
122010022231322120,47.71717,11.56353,0.01449,0.01182,1,69,2.77008,0.0,0.98551,26.11113,30.0,3.81985,,0.00592,677.44855,361
122010022231111202,47.644,11.59104,0.01429,0.01169,1,70,2.65252,0.02857,0.95714,20.83333,24.16667,4.01343,,-0.34067,720.17456,377
122010022200023022,47.49862,11.26167,0.01429,0.01169,1,70,2.59067,0.01429,0.94286,25.00002,29.83335,6.66607,277.00342,-0.32386,899.73505,386
122001311112131033,47.92752,11.15555,0.01429,0.01169,1,70,1.23762,0.22857,0.64286,11.94445,14.44444,16.55732,109.7324,-0.9288,564.6384,808
122010022231322301,47.7198,11.56527,0.01429,0.01169,1,70,2.36407,0.01429,0.98571,26.11113,30.55556,7.08033,731.51981,-0.00954,675.1223,423
122010022213312003,47.60598,11.58164,0.01408,0.01156,1,71,2.38663,0.01408,0.97183,23.61113,27.77778,13.35252,376.74493,0.67416,746.7705,419
122010022231123232,47.67998,11.57236,0.01389,0.01143,1,72,1.98413,0.0,0.98611,22.50002,26.11112,6.52968,506.56525,-0.32502,699.56464,504
122010022203223213,47.63324,11.35373,0.01389,0.01143,1,72,0.84459,0.02778,0.84722,15.0,18.88889,23.34832,128.04092,-0.39828,747.1951,1184
122010022200210330,47.51382,11.28081,0.01351,0.01119,1,74,1.54083,0.01351,0.93243,18.33335,22.59588,2.48326,80.72447,0.32531,881.24194,649
122010022022232133,47.45474,11.28265,0.01282,0.01073,1,78,2.15517,0.0,0.98718,25.83335,31.11114,10.65328,556.65985,-0.43678,930.3654,464
122010200101230101,47.87882,11.71953,0.01205,0.01021,1,83,2.6178,0.01205,0.95181,21.10614,24.44446,2.75726,112.13101,-0.31446,687.4172,382
122010022220020301,47.66444,11.25757,0.0119,0.01011,1,84,4.31034,0.0,1.0,38.61111,44.44448,5.90268,,0.1748,697.94055,232
122001133331103110,47.64857,11.22588,0.01176,0.01002,1,85,3.3557,0.0,0.95294,39.09099,44.76274,8.65188,,-0.10782,660.6935,298
122001133331103113,47.64986,11.22726,0.01149,0.00983,1,87,3.03951,0.0,0.96552,39.07028,44.44448,6.58257,,0.06343,661.7749,329
122010200003101012,47.90254,11.39633,0.01149,0.00983,1,87,1.72414,0.04598,0.89655,20.27778,35.55556,12.51729,56.24905,-0.64152,696.63226,580
122010022200030201,47.48909,11.27448,0.01136,0.00974,1,88,1.8622,0.01136,0.97727,25.68927,30.83336,4.89915,,0.00832,893.113,537
122001133312003320,47.56916,11.0915,0.01111,0.00956,1,90,0.64516,0.03333,0.9,13.8889,15.83335,13.6448,137.36383,-0.97637,854.93274,1550
122001133312012032,47.56512,11.10007,0.01111,0.00956,1,90,2.5,0.01111,0.98889,14.16668,15.83335,12.30093,184.18149,1.22287,878.075,400
122001133312012201,47.5661,11.09825,0.01111,0.00956,1,90,1.16686,0.01111,0.96667,13.61112,15.27779,2.21929,,0.7203,881.1744,857
122001133310031213,47.49026,11.11205,0.01087,0.00939,1,92,1.06724,0.07609,0.8587,13.33334,16.11111,5.30485,282.8623,0.54399,716.3343,937
122001133312012112,47.56232,11.10514,0.01064,0.00923,1,94,1.36426,0.0,1.0,15.27779,17.22224,16.67149,132.08482,1.96784,850.3102,733
122010200111022001,47.84614,11.8671,0.01053,0.00915,1,95,2.10084,0.01053,0.95789,34.16667,37.50003,2.6043,,0.54019,685.6804,476
122010200111021001,47.83518,11.8784,0.01053,0.00915,1,95,1.78571,0.02105,0.87368,18.33333,33.73611,21.53427,65.71514,0.44784,652.86426,560
122001133310120131,47.48576,11.12867,0.01053,0.00915,1,95,2.22717,0.01053,0.97895,17.77779,21.11111,5.99482,320.31538,-1.57231,766.99585,449
122001133311021200,47.489,11.1738,0.01031,0.00899,1,97,1.5674,0.01031,0.95876,16.94446,21.11113,4.18378,36.26946,-0.3603,873.0055,638
122010200003123110,47.93409,11.40218,0.0102,0.00891,1,98,2.6178,0.0102,0.96939,35.27778,42.22223,9.41842,166.97063,0.70852,702.2208,382
122010200111022002,47.8477,11.86631,0.0101,0.00884,1,99,3.11526,0.0,0.9697,33.33334,36.38889,6.12015,39.11613,0.74087,685.28186,321
122001133310131123,47.48793,11.15867,0.01,0.00877,1,100,1.8622,0.0,0.95,20.27779,23.33335,5.14822,,0.43413,882.2945,537
122001133310210133,47.50958,11.10669,0.01,0.00877,1,100,0.75188,0.07,0.89,12.77779,15.55557,2.91446,,-0.10631,691.2612,1330
122010200101321131,47.88178,11.75467,0.0099,0.00924,2,202,2.37812,0.02475,0.96535,30.83336,38.61111,2.13828,26.19673,0.16098,691.0776,841
122001133311121201,47.48928,11.21908,0.0099,0.00869,1,101,2.1645,0.0,0.9901,23.26251,26.11113,6.91071,587.46112,-0.07097,934.7728,462
122001133311130110,47.48366,11.23702,0.0098,0.00862,1,102,1.15473,0.01961,0.97059,17.22224,19.68853,3.16823,78.97069,0.02301,946.94104,866
122001133311020210,47.48869,11.16554,0.00971,0.00855,1,103,2.11416,0.0,1.0,22.7778,27.7778,2.07092,,0.13623,879.1456,473
122001133310032033,47.49874,11.10112,0.00971,0.00855,1,103,0.58685,0.13592,0.80583,13.8889,16.11112,8.40432,232.19283,0.12446,707.348,1704
122001133310210103,47.50658,11.10423,0.00962,0.00848,1,104,1.67224,0.03846,0.96154,14.16668,16.73612,2.77173,,-0.45137,698.43384,598
122001133312131013,47.5734,11.15582,0.00926,0.00822,1,108,2.06186,0.0,0.93519,21.11113,24.72222,7.95236,462.38519,0.32597,662.16156,485
122001133312112322,47.57016,11.14632,0.00926,0.00822,1,108,1.17647,0.00926,0.94444,16.66668,20.55557,7.07999,245.13356,-0.04602,663.82965,850
122001133311113232,47.48249,11.24241,0.00926,0.00822,1,108,1.30719,0.03704,0.9537,17.21713,20.55557,10.62891,283.12479,-0.41943,937.9243,765
122010022220312323,47.70212,11.32331,0.00917,0.00815,1,109,2.18341,0.0,0.9633,33.1928,42.77781,5.9843,,-0.1153,620.81525,458
122001133321122110,47.66982,11.03921,0.00877,0.00785,1,114,1.17509,0.00877,0.98246,15.55557,17.22224,6.17981,313.32956,0.73218,862.0886,851
122010200101233210,47.89592,11.72573,0.00877,0.00785,1,114,2.22717,0.00877,0.95614,16.38889,27.22222,20.4326,108.89975,-3.11164,683.5391,449
122010022222113211,47.74177,11.33184,0.0087,0.00779,1,115,2.12314,0.0,0.95652,37.77778,44.44448,6.70576,1230.14038,0.12546,638.4056,471
122010022220301202,47.68852,11.30537,0.00862,0.00773,1,116,3.0303,0.0,0.98276,25.69444,41.11113,7.98059,259.37511,0.17879,640.8708,330
122001133321130330,47.66732,11.06117,0.00862,0.00773,1,116,1.12994,0.0,1.0,14.44446,17.22224,3.57634,,2.34937,802.3061,885
122001133321121313,47.66642,11.05152,0.00862,0.00773,1,116,0.6402,0.06034,0.90517,10.27779,12.22223,17.32061,46.50478,1.41954,823.1224,1562
122001133321121321,47.66746,11.04883,0.00862,0.00773,1,116,0.89206,0.00862,0.99138,13.33334,14.72223,6.65159,199.84597,-0.48905,829.94806,1121
122001133310320220,47.53577,11.11865,0.00862,0.00773,1,116,1.04167,0.01724,0.96552,20.93024,25.27778,7.32755,497.99704,-0.15658,676.5763,960
122001133331032021,47.67348,11.18615,0.00847,0.00762,1,118,1.06724,0.00847,0.99153,14.72223,15.83335,3.44114,,1.54171,716.28845,937
122001133331023130,47.67334,11.18204,0.00813,0.00736,1,123,1.22699,0.0,1.0,16.3889,18.61113,14.19959,179.70538,0.22496,719.4364,815
122010022223221131,47.79394,11.35927,0.008,0.00725,1,125,1.7452,0.0,0.992,33.91788,42.5,3.68123,,-0.23345,618.44415,573
122010200001010000,47.81318,11.36043,0.00781,0.00711,1,128,1.89394,0.0,0.98438,38.56647,43.88889,4.07207,,0.31838,649.5482,528
122010200111020213,47.84174,11.86987,0.00781,0.00711,1,128,1.74825,0.0,0.97656,21.11111,35.83334,20.47027,87.60604,-2.48589,676.55383,572
122010200110201331,47.86506,11.79862,0.00763,0.00697,1,131,2.33645,0.01527,0.9771,33.33336,39.1449,6.01031,388.39172,0.11539,695.5928,428
122010200103022333,47.94368,11.69988,0.00717,0.00686,2,279,1.44404,0.00717,0.97133,32.77778,37.50003,2.23387,267.03427,0.21243,665.33514,1385
122001133310322320,47.54702,11.12421,0.00694,0.00641,1,144,1.07296,0.03472,0.95833,18.8889,26.66669,5.26475,297.00688,-0.06973,672.4099,932
122001133310322212,47.54507,11.12201,0.00685,0.00634,1,146,1.67224,0.00685,0.97945,20.00002,26.9638,7.59269,576.771,0.29624,671.817,598
122010200110133133,47.85022,11.86456,0.0068,0.0063,1,147,1.443,0.0068,0.97959,30.2778,36.66667,6.22489,436.85379,-0.44487,688.0981,693
122010022222110130,47.72806,11.32505,0.00676,0.00626,1,148,1.24224,0.00676,0.97297,26.38891,40.27778,10.42632,75.1946,-0.25468,626.99725,805
122001133303231113,47.6171,11.02954,0.00621,0.00581,1,161,0.36049,0.35404,0.54037,7.50001,13.61112,18.38664,24.99527,-0.2947,834.3815,2774
122010200003101013,47.90244,11.3973,0.00613,0.00575,1,163,1.44509,0.04294,0.90798,23.80156,37.50003,9.74716,67.54063,0.63068,694.53125,692
122001133321013122,47.65252,11.0254,0.00549,0.00521,1,182,0.83893,0.00549,0.98352,25.00002,27.22224,2.05614,,-0.30317,874.82874,1192
122001133321031101,47.65933,11.02735,0.00546,0.00518,1,183,0.80972,0.01093,0.95628,22.50002,25.2778,7.65979,80.1636,0.88347,888.2279,1235
122010200101320233,47.88846,11.7382,0.00529,0.00503,1,189,1.36986,0.01058,0.96825,28.74084,38.59722,2.25563,,-0.04738,696.0196,730
122010200101330011,47.8795,11.76023,0.00529,0.00503,1,189,1.42045,0.0,0.95767,31.94444,39.44445,1.6342,,0.26813,692.4085,704
122001133321011303,47.64425,11.02667,0.00518,0.00494,1,193,0.67295,0.01036,0.98964,24.72224,26.94447,4.10687,26.80752,0.20599,868.2251,1486
122010200101321123,47.88288,11.75194,0.00513,0.00489,1,195,1.12486,0.01538,0.96923,30.55556,38.68058,1.6752,,-0.30972,686.9791,889
122010200101313302,47.87462,11.77242,0.00513,0.00489,1,195,1.47929,0.00513,0.98462,30.55556,39.16668,4.16271,254.43074,-0.05048,687.5803,676
122010200110202031,47.87066,11.78212,0.00463,0.00446,1,216,1.33333,0.00463,0.98148,31.94444,39.70833,2.06447,,-0.12428,690.17474,750
122010200103023203,47.9405,11.702,0.00388,0.00378,1,258,2.0202,0.0,0.99225,33.33334,38.33333,1.76996,,-0.12716,667.3913,495
122010200103010110,47.90106,11.72049,0.00377,0.00369,1,265,0.77042,0.00377,0.98491,30.55556,37.5,5.02202,1040.91162,0.54701,687.5077,1298
