trip,rows,dur_min,dt_median_s,dt_p90_s,gaps_gt10s
02cbe62f-d6a6-493a-a4e2-980e7536c3bd,17701,416.81736666666666,1.039,1.063,3
0b80c60c-4604-45cd-af72-ad39933f636d,1524,26.774433333333334,1.049,1.096,0
0ba5c9b5-255e-4992-b7f0-afb8cf760818,10740,320.17406666666665,1.081,1.169,4
0e0b27d7-2b52-4464-9590-2b2acb104f6d,2561,44.774433333333334,1.04,1.059,1
11975933-a22f-4eee-ba5a-19902c52c5f6,1254,21.913333333333334,1.047,1.081,0
123b6b0f-ba46-4361-b30c-aba53b5164e0,497,8.64805,1.041,1.058,0
1472ecb3-fb40-49e1-992b-1b29a440c721,1082,18.781166666666667,1.019,1.11,0
14b6cdbe-9832-4547-b1e6-3e71dd8b0394,925,16.070633333333333,1.041,1.057,0
156b69c8-7cf2-4432-ad74-8c6feb746133,31151,519.2954166666667,1.0,1.003,0
19673abc-fb54-437f-ab58-b799b9824ac4,676,11.8395,1.039,1.064,0
1a8cdab6-7fef-4a80-8b4b-3e85df34f070,17185,389.47703333333334,1.05,1.097,4
1d63f7d9-653e-4b29-9f39-3f83e80e9cb6,1769,38.66531666666667,1.05,1.0973,1
220664e2-1e78-43b9-90d8-3b3c7fdf7698,884,15.318816666666667,1.039,1.058,0
25082eb3-911d-448d-87a5-ff41ff222979,6255,112.93761666666667,1.026,1.2,1
25f5fda8-12d9-4563-b6c8-4fdb88935e69,763,13.396816666666666,1.05,1.096,0
265082be-8427-4077-8bbb-221b8da66b90,4545,86.87655,1.036,1.064,2
28bad1ad-d792-4f41-be72-c1adac7626d1,7607,240.55663333333334,1.049,1.095,0
2c4614a7-7fa7-4d4c-9f93-7fb15d3692bd,12327,229.69591666666668,1.039,1.057,2
2c5c77f7-8f84-4959-95fd-4804305aeb84,3057,57.334316666666666,1.05,1.096,2
2e7baf5a-505c-4b5d-939f-bb5f86032e4c,1889,74.22366666666667,1.023,1.1734,2
2ea4bda9-9c1f-4d63-a170-3392587235a9,4452,80.48375,1.016,1.072,1
2ee7e122-5d4a-4058-8dcc-6d400e662eca,4928,82.13223333333333,1.0,1.184,0
3003aa83-5237-4689-86c9-ec416078e89d,10788,190.14475,1.037,1.057,1
3078127b-934b-498d-b425-6937a5c368bb,786,13.7726,1.049,1.095,0
31132bc6-7201-4a33-82f0-dd9df6b38d23,9292,173.51388333333333,1.05,1.096,2
3215f4d6-78d6-4c16-94e9-7f854fe8b52b,566,12.036666666666667,1.04,1.062,0
32380aa1-9e91-4a82-a125-51cf72f608bf,5244,182.59278333333333,1.05,1.11,2
336750ad-1559-4dbf-96e8-c5b4cc3cce16,1198,20.608166666666666,1.017,1.071,0
346b3186-e867-4dac-abb9-9a51df61d404,6122,119.71798333333334,1.039,1.058,0
37dc1cfd-047e-4b6e-8b32-017e0f3b65da,890,15.58785,1.049,1.094,0
3f010394-1c4c-4cc5-8189-241050ed1f49,1493,26.34325,1.021,1.1959,0
3fd0c3dd-21c1-458c-9c7e-9b2a9ea8229b,1350,24.186316666666666,1.048,1.092,1
40724c30-1608-437e-99ff-d07563cc4b0e,1141,19.00175,1.0,1.0351000000000001,0
4211e7aa-6999-4604-8695-f6ea93496b8b,13202,267.29068333333333,1.039,1.061,2
4a39bfb4-7329-4740-9359-20057cfc1ab9,2128,36.97176666666667,1.041,1.059,0
4c030043-882d-4086-a244-0d709bf6c1cf,888,15.485866666666666,1.039,1.062,0
528e2406-2f21-428b-9318-8a4ce5387cca,6636,169.97526666666667,1.016,1.072,0
56738308-3d70-4ed8-b152-26374a178b74,858,14.874966666666667,1.037,1.06,0
572b065e-6870-40fb-86d4-37bf9d466e4c,2436,44.47538333333333,1.016,1.072,2
58a3ce40-6f6b-4630-9b14-e1ae946986cd,790,14.2793,1.053,1.2012,0
5a336f6f-043b-4865-85b4-1d6b268cb6cf,7408,154.0221,1.049,1.094,1
5c5e9927-a7af-4e82-87a7-02e9683d9ace,855,14.86915,1.04,1.059,0
5fc2e59b-6865-4be0-9cc5-790125d63016,1340,23.227116666666667,1.039,1.058,0
61a0f99c-3e99-4192-b29d-effe6405a93b,1050,17.4831,1.0,1.018,0
6545a8b7-9be2-43fc-9b4d-ff634fe78d05,1213,21.05055,1.037,1.058,0
6a198202-0982-419c-a56f-bf8d41bd8fea,7452,197.22231666666667,1.016,1.072,0
71f92979-a708-4224-bb30-7eeadc5a65b1,3133,54.23305,1.041,1.057,0
7354d402-220a-4263-a1f1-0b8227371eaf,993,18.801033333333333,1.04,1.058,1
77ca4985-85dc-4b35-9bbf-2ecb7b831df2,685,11.897383333333334,1.018,1.111,0
784c1ff3-8684-405f-884e-618d9785bc97,10106,191.2286,1.039,1.058,1
7c8d70e0-4ef8-4af5-a0b9-c5ea261f1b59,1879,33.9181,1.016,1.101,1
7dc0fcac-4bb5-422a-bf76-1fc732057a52,539,9.452183333333334,1.049,1.095,0
7dd3889e-4aac-47bd-8994-95d90b45e0e2,4274,75.21148333333333,1.049,1.094,0
7e8ce4ea-b98a-46c8-80e9-91ec9e623ca6,9884,300.84288333333336,1.018,1.07,2
83243feb-334b-4980-9311-dac890004da3,11201,340.3468,1.049,1.096,4
83d10859-b940-4b08-91ce-3c9e89585ff3,591,10.228416666666666,1.04,1.0571,0
8765317d-173d-4fc3-8a77-776627138473,822,14.453566666666667,1.041,1.063,0
88ec3e46-da17-440c-b987-302424846e31,16325,382.4262166666667,1.039,1.061,3
8c0738f2-7cd2-4fd0-8971-7fd3546768dc,26484,601.7882666666667,1.0,1.018,8
8c92a102-eacf-42a8-9634-4494ad744f3d,1045,18.526933333333332,1.051,1.112,0
8f004c4a-addb-4e1f-9ba1-0f8aa30b5323,5893,102.86643333333333,1.016,1.072,1
8f33f44c-1bef-48f3-a70c-8eeb04a6a26a,3679,63.69428333333333,1.039,1.057,0
93179577-5b4d-44d9-af84-2c399144e512,951,18.88465,1.038,1.0571,1
94377777-4d7c-42e1-a25b-98b82fceb43a,20841,498.11606666666665,1.0,1.035,2
97c8ee2d-27f5-407a-8daf-23be388b9b25,3396,122.76616666666666,1.051,1.1239000000000001,3
97d46f8f-1760-4bb4-8eb0-4d5dd59c6866,2562,44.009683333333335,1.017,1.071,0
996ed791-d140-4c14-8b52-68ae03d027f5,14118,269.89225,1.05,1.107,4
9a1acce2-d6e7-498a-8346-0d820eea924e,3470,60.15175,1.038,1.058,0
a2365da9-b304-48e6-a7df-2684e31996ab,16930,373.1771166666667,1.038,1.06,4
a43d7b69-9c6f-4df4-a391-c41a30f723fe,735,12.736366666666667,1.038,1.059,0
a6f45bbb-78fa-4cb7-b0ea-8745b7d42849,1005,16.7362,1.0,1.005,0
aafd840f-066a-4eb2-a7f6-4c15397c55f3,4399,327.32385,1.039,1.058,0
b456ed10-39d1-4233-87d2-386265223669,969,16.997716666666665,1.049,1.095,0
b63a638a-3086-4e40-a9ac-9e8d64f31ba5,368,6.4155,1.035,1.056,0
b95b9bfc-e740-484f-8854-f7f205390ff6,1023,18.823266666666665,1.0,1.0499,1
bba124ea-5e60-4a12-8a3f-67bd738bb39c,1228,21.30825,1.041,1.056,0
bdd858e2-62b3-40b4-a248-ea2e10070df6,3300,57.7699,1.04,1.065,0
be4edcb1-5559-4acb-ad62-2ab278ebf1bf,15533,435.91155,1.047,1.081,3
c54a0e0d-911f-4757-b8d7-396d8a8c8b52,1384,24.220233333333333,1.048,1.092,0
c54c5d87-ab9f-4f04-a9b7-c869c0fc2928,951,20.236683333333332,1.038,1.059,1
c6acddd5-7f21-4aaf-9a50-90b0709fb917,958,16.82235,1.049,1.095,0
c6edf80c-1030-44b4-816c-8eaa3a9514eb,11800,217.78756666666666,1.039,1.057,0
c80c2031-a631-4c49-be2a-81dba6bc4ad0,18142,426.9544666666667,1.049,1.095,1
c8677df7-b2b2-4b20-8c35-8d490c126b2a,15834,384.32115,1.0,1.04,3
c8acbb57-bacf-40be-9db8-c137a597a77b,1950,33.88121666666667,1.04,1.059,0
c994de5d-1715-4978-8b21-6cd10dc5c360,705,12.31795,1.041,1.06,0
cc997a85-4dcf-468c-b689-8d41c2ac506a,6624,131.01815,1.037,1.057,3
cf7eb572-2daf-4c74-9cfb-1ece05d9f321,5067,88.95703333333333,1.049,1.095,0
d1a2659a-c2f8-4e00-b332-8fed03295e97,517,9.069583333333334,1.05,1.095,0
d5b432d9-c328-4c8b-9044-30204106a1f3,2836,52.01323333333333,1.038,1.058,1
e4adbbe3-0aee-471a-8f45-1381b7481ee4,4153,75.50836666666666,1.04,1.058,2
e4d3203d-5bc0-4390-bb18-dfdc5660a93b,1192,28.91305,1.051,1.111,3
ea068341-7781-4f03-a3fd-e92888a45349,229,3.986266666666667,1.04,1.057,0
eea8bdf6-b3b8-47e6-b910-d1d8ca1d450e,1371,23.799266666666668,1.04,1.058,0
f3eb6a50-594e-4c2a-9e15-c5bb545aa5fd,21069,351.13118333333335,1.0,1.002,0
f40324b2-f7d6-44f9-bdab-97b7630c03c7,594,10.49435,1.039,1.065,0
f473b8d6-49a9-4ba4-9ffd-5715bae1835e,513,8.53305,1.0,1.002,0
f50c574c-a1b9-4107-b166-744dac9d9ea1,843,14.92485,1.051,1.111,0
fad65dc4-231e-4eb3-8147-b0cba31d5e03,3578,61.88806666666667,1.038,1.058,0
fe5eb080-8885-4b18-af21-edf23ac3f597,614,10.903283333333333,1.049,1.095,0
