column,flat_rides_pct,why,proposed_feature,new_id
ridingabsbraking,20.0,"ABS intervention flag, values 0-3, varies on 80%% of rides",ABS/limit events per km = a DIRECT measurement of a rider exceeding available grip. Segment-level: a corner where the crowd's ABS fires is a genuinely treacherous corner.,F75
ridingasccontrol,55.0,"traction control intervention, varies on 45%% of rides","ASC events per km = rear-wheel slip = surface quality AND rider aggression. Crowd-aggregated, this is a live low-grip map (wet, gravel, diesel) that needs no weather API.",F76
ridinggear,4.0,"engaged gear, varies on 96%% of rides",Gear x RPM x speed = the rider's engagement fingerprint. Short-shifting vs revving out separates a touring mood from a sporting mood ON THE SAME ROAD - a mood detector we had no channel for.,F77
ridingenginespeed,4.0,"RPM, varies on 96%% of rides",RPM/redline ratio is the cheapest proxy for 'how hard is this rider working the bike' and it survives 1 Hz sampling far better than acceleration does.,F78
ridingtotalmileage,2.0,"odometer, 0 - 49,917 km across rides","Lifetime km = rider EXPERIENCE, independent of skill. Two riders with the same lean p95 but 5,000 vs 50,000 km are different risks. This is the cold-start prior we said we did not have.",F79
sensorstirepressurefront,10.0,"TPMS, varies on 89%% of rides",Tyre pressure rises as the tyre heats. dP/dt in the first 10 minutes = an objective WARM-UP measurement - it turns our 'cold tyres' warm-up ramp (F45) from folklore into a measured gate.,F80
sensorsenginetemperature,16.0,"engine temp, varies on 84%% of rides","Coolant temp climbing with low speed = stop-and-go traffic. A congestion detector from the bike itself, with no traffic API.",F81
energyrange,5.0,"estimated remaining range in metres, varies on 95%% of rides","Range + planned route length = the fuel-stop constraint (F50) becomes computable now, not roadmap.",F82
positionmapmatchedhorizontalaccuracy,1.0,"GPS accuracy, varies on 99%% of rides",Accuracy degradation correlates with tree canopy and steep valleys -> a free proxy for the 'clear road view' / enclosure green flag we were going to approximate from land cover.,F83
